AF4,F8,F4,FC6,T8,P8,O2,O1,P7,T7,FC5,F3,F7,AF3,time
3.0,7.0,3.0,5.0,7.0,7.0,1.0,2.0,8.0,8.0,6.0,4.0,8.0,4.0,1682527025.478536
4313.205,4319.872,4305.513,4325.641,4333.846,4313.974,4298.462,4366.538,4325.128,4288.846,4368.718,4465.128,4325.641,4346.026,1682527025.5044622
4314.872,4336.026,4314.744,4331.795,4316.667,4312.949,4295.769,4367.308,4326.026,4279.487,4374.359,4479.487,4331.667,4354.487,1682527025.5054586
4316.795,4328.333,4314.231,4337.821,4310.769,4313.718,4295.0,4368.718,4324.231,4292.821,4379.359,4482.051,4336.795,4357.692,1682527025.5054586
4315.385,4316.154,4305.385,4329.872,4317.564,4312.821,4293.462,4367.692,4328.462,4288.462,4374.744,4468.718,4329.359,4348.333,1682527025.5054586
4312.564,4312.821,4294.615,4307.949,4305.256,4312.051,4291.41,4362.179,4312.821,4272.821,4358.718,4454.359,4311.41,4332.692,1682527025.5353553
4313.333,4315.128,4297.436,4310.256,4305.897,4313.077,4294.615,4363.718,4310.0,4286.41,4359.231,4460.128,4313.59,4333.59,1682527025.5353553
4314.744,4322.564,4308.462,4333.205,4324.487,4312.821,4297.051,4370.769,4335.641,4291.538,4380.385,4475.513,4329.231,4347.308,1682527025.5353553
4312.949,4331.282,4316.795,4338.974,4333.333,4314.103,4298.077,4374.487,4351.667,4276.667,4392.564,4483.462,4334.872,4355.0,1682527025.5353553
4313.846,4339.744,4325.769,4342.821,4349.103,4319.231,4296.795,4373.59,4349.872,4296.667,4398.718,4492.821,4345.897,4365.641,1682527025.5687022
4316.538,4338.205,4324.487,4348.205,4351.538,4319.231,4294.615,4367.308,4333.205,4326.795,4396.154,4492.949,4354.231,4368.077,1682527025.5687022
4312.949,4323.462,4310.256,4336.41,4328.974,4313.462,4297.821,4364.487,4308.718,4305.897,4377.949,4475.385,4334.103,4348.333,1682527025.5687022
4311.923,4320.385,4304.615,4327.692,4327.692,4311.026,4298.077,4368.59,4309.103,4275.128,4370.256,4467.051,4318.205,4339.487,1682527025.569222
4315.385,4337.179,4317.308,4338.462,4343.077,4312.692,4297.179,4373.59,4342.308,4300.0,4386.41,4483.718,4336.154,4355.641,1682527025.5953217
4317.436,4356.667,4337.051,4360.385,4350.513,4313.846,4303.205,4378.718,4362.436,4334.103,4408.718,4509.231,4363.333,4379.872,1682527025.5953217
4315.641,4350.256,4336.538,4363.077,4362.051,4313.462,4304.231,4375.128,4342.179,4314.359,4407.308,4513.462,4362.821,4381.282,1682527025.5967364
4314.359,4325.128,4316.795,4339.744,4360.897,4312.436,4298.205,4364.615,4318.077,4284.359,4387.692,4489.231,4339.615,4356.795,1682527025.5967364
4314.744,4328.718,4316.667,4336.667,4348.59,4312.051,4298.846,4370.256,4330.0,4301.667,4389.231,4483.077,4336.538,4354.615,1682527025.6250577
4316.282,4344.872,4331.538,4356.41,4353.205,4312.436,4301.154,4382.436,4363.846,4327.308,4407.821,4503.974,4355.128,4374.872,1682527025.6250577
4316.41,4332.179,4323.205,4348.59,4351.282,4313.846,4296.282,4375.769,4364.872,4317.436,4401.667,4498.718,4351.538,4366.795,1682527025.6260648
4312.949,4321.41,4310.385,4332.564,4340.513,4313.718,4297.564,4365.513,4331.41,4296.282,4382.308,4476.667,4329.615,4347.051,1682527025.6260648
4310.256,4329.744,4309.359,4338.974,4347.821,4312.564,4301.667,4364.744,4304.487,4285.128,4376.923,4470.897,4319.487,4347.821,1682527025.6553075
4312.179,4329.744,4307.564,4337.179,4346.538,4314.103,4298.333,4366.795,4311.026,4297.564,4382.051,4474.744,4326.667,4352.692,1682527025.6558037
4314.744,4325.641,4310.0,4333.077,4345.897,4313.974,4295.128,4371.538,4341.026,4320.769,4395.897,4483.974,4342.949,4358.718,1682527025.6558037
4313.205,4328.846,4320.256,4342.821,4347.692,4312.308,4293.333,4374.615,4347.821,4314.615,4403.333,4493.718,4348.205,4368.333,1682527025.6558037
4313.205,4336.667,4329.487,4352.436,4335.513,4317.436,4296.026,4372.564,4335.0,4291.923,4402.308,4498.333,4344.744,4372.949,1682527025.7001286
4314.359,4342.051,4324.103,4346.41,4334.872,4320.0,4300.0,4372.436,4338.205,4285.897,4395.0,4492.179,4339.872,4368.462,1682527025.7001286
4315.128,4331.154,4312.436,4335.0,4351.026,4313.59,4297.564,4372.436,4338.205,4305.385,4384.359,4481.41,4332.821,4361.154,1682527025.7001286
4315.641,4307.436,4309.615,4326.282,4324.231,4310.769,4295.513,4371.923,4329.487,4314.487,4379.231,4476.282,4323.59,4355.256,1682527025.7011251
4317.308,4301.538,4305.897,4318.846,4274.872,4313.205,4297.436,4372.308,4334.744,4298.462,4376.667,4470.128,4321.026,4347.821,1682527025.7011251
4316.41,4317.692,4298.077,4320.128,4294.744,4311.538,4295.897,4365.513,4320.256,4294.615,4368.59,4460.513,4325.641,4341.154,1682527025.7011251
4316.923,4325.0,4301.41,4325.513,4343.718,4310.256,4295.128,4364.359,4304.615,4293.846,4362.564,4464.872,4326.282,4344.872,1682527025.7021203
4315.897,4311.282,4305.897,4320.641,4334.487,4313.077,4296.923,4371.026,4327.949,4276.154,4365.0,4473.077,4319.744,4349.615,1682527025.7021203
4312.564,4300.385,4296.154,4312.179,4306.41,4314.359,4294.103,4368.462,4333.974,4270.256,4363.205,4464.231,4311.667,4342.436,1682527025.752822
4315.128,4319.103,4302.821,4322.051,4315.385,4312.308,4295.128,4367.564,4325.385,4309.487,4374.487,4470.0,4328.077,4349.359,1682527025.752822
4318.333,4329.744,4317.821,4331.667,4301.795,4310.385,4298.718,4368.462,4316.41,4322.564,4387.564,4481.538,4348.846,4359.103,1682527025.752822
4316.538,4313.846,4307.692,4325.0,4282.051,4309.744,4295.128,4363.077,4298.077,4284.103,4373.205,4465.769,4335.897,4347.179,1682527025.7534144
4315.897,4313.333,4295.513,4321.795,4323.333,4310.641,4296.538,4360.641,4317.436,4274.231,4361.41,4455.256,4317.564,4338.59,1682527025.7833817
4318.205,4312.308,4290.128,4306.282,4317.179,4310.769,4296.154,4361.026,4333.333,4290.0,4362.179,4451.41,4312.051,4336.538,1682527025.7836108
4317.821,4280.641,4273.205,4276.154,4244.872,4309.103,4285.0,4355.0,4275.0,4270.513,4340.0,4425.385,4294.231,4314.487,1682527025.7836108
4316.538,4261.923,4261.026,4272.308,4234.615,4307.308,4281.667,4351.282,4228.59,4230.256,4312.821,4407.949,4276.667,4295.385,1682527025.7836108
4315.769,4266.795,4257.821,4276.154,4256.538,4309.487,4286.026,4353.974,4265.897,4222.821,4307.949,4408.462,4271.538,4293.846,1682527025.8130498
4315.385,4249.359,4242.692,4258.718,4233.846,4311.026,4281.154,4350.0,4291.795,4226.538,4299.103,4393.077,4260.385,4278.974,1682527025.8130498
4314.872,4224.615,4227.308,4250.128,4218.077,4306.282,4276.538,4344.487,4261.41,4229.872,4284.487,4372.308,4250.897,4259.744,1682527025.8130498
4315.385,4229.872,4236.795,4261.538,4229.744,4304.744,4284.231,4349.744,4252.436,4248.59,4294.487,4382.692,4260.385,4268.077,1682527025.8137534
4314.359,4248.718,4248.974,4260.128,4230.385,4308.077,4287.308,4354.615,4266.667,4234.615,4306.795,4399.359,4269.872,4280.897,1682527025.8465707
4315.128,4251.41,4239.359,4244.872,4226.41,4309.872,4280.897,4344.872,4248.462,4200.256,4291.026,4383.59,4259.359,4268.59,1682527025.847067
4317.051,4237.564,4230.641,4247.692,4217.308,4310.385,4279.487,4341.026,4257.179,4221.026,4284.231,4371.923,4256.154,4260.256,1682527025.847067
4317.308,4228.846,4235.256,4258.846,4212.436,4310.128,4282.821,4350.385,4300.897,4252.821,4293.718,4380.641,4260.897,4268.718,1682527025.847067
4315.897,4235.0,4236.795,4252.308,4221.282,4309.744,4281.154,4347.564,4273.205,4227.051,4286.282,4379.487,4254.231,4267.051,1682527025.8756363
4315.897,4245.769,4237.436,4245.128,4209.487,4309.487,4278.462,4341.667,4219.487,4201.923,4275.385,4373.205,4249.487,4262.821,1682527025.8761327
4315.385,4244.744,4242.179,4254.231,4191.667,4309.487,4283.462,4350.256,4242.821,4209.487,4278.333,4376.923,4255.769,4267.692,1682527025.8761327
4315.385,4248.333,4247.436,4267.949,4218.974,4309.615,4286.667,4352.821,4277.692,4237.051,4293.077,4387.436,4271.41,4278.974,1682527025.8761327
4316.538,4251.923,4246.154,4262.821,4234.487,4308.077,4285.256,4347.308,4275.769,4260.256,4301.026,4392.051,4275.256,4282.821,1682527025.918067
4314.359,4241.026,4243.333,4254.615,4210.0,4306.154,4290.513,4355.256,4284.615,4239.872,4298.462,4390.769,4266.41,4278.974,1682527025.9185634
4314.103,4243.333,4251.026,4263.718,4214.231,4307.692,4293.077,4360.256,4283.846,4220.641,4300.256,4394.487,4268.205,4283.333,1682527025.9185634
4315.0,4259.615,4257.949,4271.41,4232.051,4309.487,4284.744,4348.974,4257.308,4227.821,4302.051,4400.0,4278.205,4288.205,1682527025.9185634
4315.513,4268.462,4266.154,4280.641,4234.103,4308.846,4283.974,4348.333,4258.077,4246.026,4311.154,4410.897,4289.744,4298.205,1682527025.9185634
4316.026,4289.872,4288.462,4305.513,4265.0,4310.513,4293.333,4365.256,4304.103,4289.615,4348.718,4442.308,4313.974,4324.615,1682527025.9185634
4316.154,4316.667,4302.436,4319.615,4294.231,4311.41,4302.051,4368.205,4328.846,4296.282,4368.205,4465.769,4328.205,4336.923,1682527025.9199004
4315.128,4309.872,4299.744,4317.949,4276.282,4308.974,4303.846,4361.795,4314.103,4264.744,4354.744,4461.026,4320.897,4331.538,1682527025.9199004
4318.59,4308.974,4315.769,4331.282,4278.974,4309.872,4299.744,4370.769,4334.487,4296.923,4377.692,4476.667,4342.051,4352.692,1682527025.972814
4318.59,4358.205,4345.256,4360.513,4345.897,4312.821,4302.436,4378.718,4363.333,4351.41,4419.615,4516.154,4381.923,4390.897,1682527025.972814
4315.897,4387.949,4351.538,4373.718,4398.077,4312.949,4312.436,4377.692,4353.974,4344.359,4418.974,4527.949,4384.103,4398.462,1682527025.972814
4318.974,4372.436,4351.026,4370.513,4386.667,4315.897,4313.205,4378.077,4351.795,4333.846,4411.795,4521.538,4377.308,4391.923,1682527025.9736652
4322.051,4378.077,4360.0,4377.436,4384.359,4318.333,4307.821,4379.487,4373.077,4344.744,4428.718,4531.795,4396.923,4404.231,1682527026.0002775
4319.359,4408.333,4369.231,4397.308,4420.0,4316.154,4311.282,4381.795,4393.974,4349.103,4446.923,4551.026,4418.718,4425.641,1682527026.0008385
4318.718,4399.103,4368.333,4397.821,4414.231,4314.103,4312.179,4383.59,4392.821,4366.923,4451.154,4555.0,4418.205,4425.128,1682527026.0008385
4321.538,4377.564,4362.436,4379.615,4371.538,4317.179,4310.513,4383.077,4380.0,4378.077,4442.308,4547.051,4406.667,4407.949,1682527026.0011876
4322.436,4399.487,4375.0,4393.718,4386.282,4319.872,4314.487,4386.667,4381.667,4374.872,4450.385,4555.897,4415.769,4420.128,1682527026.03107
4321.795,4409.487,4382.949,4412.949,4422.564,4317.051,4314.487,4386.667,4381.923,4371.538,4462.821,4561.154,4427.564,4435.769,1682527026.031566
4321.026,4381.026,4362.564,4388.974,4402.179,4313.205,4311.026,4380.513,4377.821,4353.718,4444.103,4541.795,4410.128,4414.615,1682527026.031566
4323.333,4373.59,4349.359,4366.282,4366.026,4311.795,4309.744,4385.513,4396.282,4337.692,4433.462,4533.974,4393.077,4401.923,1682527026.031566
4322.692,4386.154,4361.282,4380.513,4375.128,4311.795,4311.154,4390.513,4395.385,4352.692,4447.308,4543.205,4403.462,4415.0,1682527026.0605936
4318.718,4370.641,4357.179,4379.872,4392.051,4312.051,4309.103,4381.282,4360.128,4368.333,4437.308,4532.436,4401.538,4408.205,1682527026.0609121
4318.333,4350.256,4336.41,4353.462,4365.769,4312.436,4307.692,4376.026,4353.59,4345.385,4415.897,4514.615,4375.769,4386.923,1682527026.0610898
4320.769,4360.769,4345.513,4359.487,4350.641,4313.718,4311.923,4385.128,4376.795,4342.436,4426.026,4525.0,4375.385,4395.128,1682527026.0610898
4318.59,4354.231,4352.692,4367.692,4363.846,4312.821,4306.154,4384.615,4366.795,4354.103,4426.026,4524.231,4376.026,4395.513,1682527026.0994987
4317.692,4317.564,4321.282,4332.564,4341.026,4311.667,4295.641,4366.795,4322.436,4303.974,4381.667,4481.538,4333.718,4355.513,1682527026.0994987
4319.359,4309.744,4306.795,4311.154,4307.308,4312.436,4300.513,4367.051,4327.692,4276.538,4359.744,4460.769,4310.641,4338.205,1682527026.0994987
4318.462,4318.846,4326.923,4326.667,4306.282,4312.821,4305.128,4384.103,4376.667,4333.846,4389.487,4484.744,4342.308,4363.333,1682527026.0994987
4315.769,4310.256,4325.513,4328.462,4301.41,4310.897,4294.103,4375.385,4352.436,4340.385,4401.41,4488.846,4357.692,4370.385,1682527026.1285686
4316.667,4304.615,4299.103,4311.538,4281.667,4310.385,4288.846,4356.41,4275.256,4266.154,4362.436,4453.077,4324.872,4342.179,1682527026.129065
4318.59,4300.769,4289.231,4303.59,4280.769,4312.308,4295.641,4362.436,4281.667,4256.154,4336.41,4435.897,4300.897,4327.564,1682527026.1293728
4317.179,4295.128,4296.41,4308.462,4285.0,4312.179,4295.256,4367.692,4322.821,4304.615,4357.692,4451.282,4316.667,4340.769,1682527026.1293728
4315.128,4304.487,4297.564,4310.128,4276.154,4310.256,4292.179,4356.538,4300.385,4297.564,4372.179,4453.333,4330.513,4343.718,1682527026.1579368
4315.128,4307.821,4288.077,4300.897,4261.154,4310.256,4293.333,4353.077,4276.026,4254.359,4354.615,4437.436,4313.077,4329.872,1682527026.1579368
4316.538,4295.0,4289.359,4300.256,4262.692,4310.897,4293.462,4360.0,4289.103,4256.538,4346.923,4438.462,4300.769,4331.154,1682527026.1579368
4317.179,4293.846,4296.795,4306.282,4273.846,4310.256,4293.59,4367.821,4321.538,4300.0,4363.077,4451.795,4315.641,4340.128,1682527026.1579368
4318.846,4294.744,4285.385,4296.154,4260.769,4310.769,4293.974,4365.385,4320.769,4299.103,4358.077,4438.333,4313.333,4327.051,1682527026.1948357
4317.564,4291.41,4277.692,4292.179,4248.974,4309.744,4294.103,4355.513,4279.744,4256.41,4337.692,4420.641,4293.205,4319.231,1682527026.1948357
4314.872,4296.795,4294.872,4313.59,4276.282,4308.718,4296.154,4359.872,4278.077,4260.128,4350.256,4437.564,4305.641,4337.308,1682527026.195881
4315.128,4294.103,4300.0,4316.282,4302.179,4310.641,4296.923,4365.769,4299.615,4280.256,4361.026,4449.487,4321.667,4339.615,1682527026.195881
4316.795,4292.051,4287.179,4296.282,4283.59,4311.923,4293.205,4360.769,4283.333,4265.897,4344.872,4436.667,4312.179,4325.128,1682527026.228957
4315.385,4305.385,4290.128,4297.564,4258.974,4311.667,4292.949,4362.821,4286.538,4272.179,4349.359,4437.692,4316.795,4332.179,1682527026.228957
4315.641,4313.462,4302.308,4314.487,4261.41,4311.41,4298.205,4369.615,4343.333,4306.282,4373.846,4455.256,4332.692,4347.949,1682527026.228957
4317.051,4306.282,4295.0,4312.949,4271.667,4310.128,4297.821,4366.538,4338.974,4285.641,4364.615,4448.974,4317.821,4337.949,1682527026.228957
4315.769,4302.692,4287.179,4303.846,4275.128,4310.641,4293.077,4364.744,4285.0,4249.872,4347.436,4436.538,4304.872,4324.615,1682527026.2475076
4316.026,4312.949,4299.872,4318.846,4277.051,4311.282,4292.692,4368.59,4297.051,4293.718,4363.077,4452.308,4330.513,4342.308,1682527026.2485046
4317.692,4318.974,4306.667,4331.41,4286.538,4310.128,4294.103,4366.923,4324.872,4330.256,4373.333,4463.077,4340.385,4356.026,1682527026.2485046
4315.769,4311.41,4295.769,4316.026,4286.923,4309.872,4292.949,4364.487,4307.436,4287.179,4358.974,4448.974,4318.462,4342.308,1682527026.2485046
4314.872,4303.846,4289.103,4301.41,4265.385,4309.231,4292.564,4366.667,4302.564,4256.154,4352.308,4438.077,4313.718,4334.103,1682527026.285323
4319.744,4310.897,4297.564,4316.923,4262.308,4305.641,4296.026,4367.179,4323.205,4287.821,4361.026,4445.641,4327.051,4344.744,1682527026.285323
4320.256,4322.308,4308.846,4337.051,4289.615,4307.051,4297.692,4365.128,4310.769,4299.744,4365.0,4457.436,4329.231,4352.564,1682527026.285323
4315.0,4311.41,4301.667,4320.0,4295.385,4310.769,4294.231,4361.026,4282.051,4272.051,4356.026,4451.923,4317.436,4344.103,1682527026.285323
4313.974,4301.282,4292.179,4302.436,4271.667,4307.821,4292.821,4361.923,4288.846,4274.744,4353.59,4444.615,4319.615,4340.128,1682527026.3226006
4317.308,4325.128,4302.308,4324.872,4269.103,4306.41,4295.513,4364.872,4303.077,4279.615,4363.846,4454.872,4334.231,4353.077,1682527026.3226006
4313.974,4337.179,4309.103,4336.026,4280.897,4311.667,4296.795,4363.205,4300.0,4264.487,4366.154,4458.205,4328.205,4354.487,1682527026.3233118
4311.282,4311.667,4303.205,4316.923,4282.051,4311.41,4296.154,4361.923,4310.0,4281.282,4361.795,4451.795,4314.103,4343.077,1682527026.3235936
4315.769,4313.205,4313.846,4324.487,4283.59,4306.282,4296.923,4366.154,4328.333,4305.256,4369.744,4466.795,4325.513,4353.462,1682527026.3390656
4318.974,4333.333,4317.564,4339.103,4266.41,4310.385,4295.256,4367.179,4317.179,4285.385,4367.564,4471.795,4332.179,4363.077,1682527026.3390656
4316.026,4318.718,4297.692,4326.923,4254.231,4310.897,4290.256,4359.103,4291.026,4271.282,4352.179,4445.769,4316.41,4344.487,1682527026.3396883
4315.769,4308.846,4295.513,4321.795,4280.256,4300.128,4289.872,4356.923,4291.154,4301.667,4356.795,4443.974,4321.026,4341.026,1682527026.3396883
4317.692,4316.026,4298.333,4314.872,4290.769,4301.538,4293.718,4361.667,4293.205,4285.897,4353.718,4450.641,4322.308,4345.513,1682527026.3750632
4316.923,4310.513,4296.795,4315.256,4279.744,4312.308,4297.179,4366.538,4291.282,4240.641,4339.231,4444.103,4306.026,4340.641,1682527026.3755608
4316.923,4314.487,4313.846,4345.897,4290.385,4308.974,4297.949,4371.154,4328.333,4273.462,4364.487,4466.026,4323.333,4357.179,1682527026.3755608
4317.051,4331.41,4319.744,4348.077,4298.077,4302.308,4294.103,4364.103,4335.0,4318.077,4387.949,4480.128,4344.103,4368.718,1682527026.3760571
4316.282,4338.846,4304.872,4319.103,4290.897,4304.872,4292.308,4356.923,4292.308,4295.0,4373.462,4459.744,4336.923,4355.0,1682527026.41368
4314.872,4345.128,4309.359,4326.923,4294.744,4306.667,4297.051,4365.897,4300.897,4282.949,4372.692,4460.128,4335.256,4356.538,1682527026.414176
4314.615,4337.436,4313.718,4338.846,4277.821,4307.436,4296.923,4369.872,4325.0,4297.821,4378.077,4466.154,4333.846,4361.282,1682527026.414176
4314.615,4321.667,4298.59,4322.051,4260.641,4308.077,4291.282,4358.077,4292.308,4282.179,4365.769,4449.872,4328.077,4346.795,1682527026.4146726
4317.179,4335.385,4303.974,4327.179,4288.846,4306.538,4296.282,4359.744,4291.795,4285.769,4375.385,4458.846,4348.462,4352.051,1682527026.4447742
4319.615,4350.128,4320.513,4345.641,4298.718,4308.59,4301.538,4370.897,4341.538,4321.026,4399.231,4483.59,4367.821,4370.897,1682527026.4452705
4318.462,4343.205,4320.128,4346.41,4284.872,4311.282,4297.564,4368.718,4336.667,4325.385,4403.205,4482.436,4361.282,4371.923,1682527026.4452705
4314.487,4340.769,4315.641,4344.487,4296.538,4308.462,4295.256,4364.615,4304.103,4293.846,4389.231,4477.051,4350.0,4364.487,1682527026.4457672
4315.0,4341.538,4310.513,4338.846,4305.769,4303.846,4295.256,4364.487,4304.744,4280.0,4374.103,4474.103,4343.333,4357.051,1682527026.4457672
4317.821,4344.872,4306.538,4335.256,4288.974,4303.59,4294.487,4366.41,4319.872,4304.615,4383.077,4469.744,4350.128,4359.359,1682527026.446264
4317.051,4358.077,4313.974,4343.846,4288.846,4303.718,4296.538,4370.769,4333.205,4322.436,4400.641,4479.615,4360.641,4369.103,1682527026.4880488
4315.0,4347.308,4312.051,4338.333,4306.538,4304.103,4297.692,4368.846,4323.205,4311.667,4387.179,4476.667,4346.154,4362.051,1682527026.4880488
3.0,7.0,3.0,5.0,7.0,7.0,1.0,2.0,8.0,8.0,6.0,4.0,8.0,4.0,1682527026.4911027
4316.154,4323.205,4299.615,4327.179,4294.487,4306.923,4292.692,4363.205,4308.205,4301.923,4370.513,4457.308,4335.897,4353.462,1682527026.5036085
4316.41,4331.795,4304.359,4335.256,4272.821,4311.026,4293.462,4364.744,4315.641,4298.974,4382.308,4463.59,4352.308,4363.974,1682527026.5036085
4313.718,4347.436,4313.59,4340.128,4278.205,4313.718,4302.564,4366.667,4316.538,4287.949,4389.231,4476.795,4356.026,4368.59,1682527026.5036085
4313.846,4343.077,4314.487,4332.692,4299.231,4311.154,4304.872,4366.026,4317.949,4305.897,4387.436,4472.949,4351.538,4367.179,1682527026.5036085
4316.795,4335.128,4308.333,4325.897,4291.026,4306.026,4296.923,4365.897,4326.154,4319.872,4381.795,4460.897,4350.769,4363.462,1682527026.533041
4316.795,4324.615,4299.103,4325.256,4265.769,4305.641,4292.308,4362.051,4310.256,4287.949,4367.692,4449.359,4336.667,4347.692,1682527026.533041
4314.103,4313.846,4293.718,4325.641,4272.179,4307.949,4295.769,4358.846,4293.59,4271.538,4359.744,4444.103,4321.154,4336.282,1682527026.533041
4314.359,4313.333,4288.205,4315.513,4275.385,4307.821,4294.872,4359.359,4295.641,4277.308,4350.769,4440.0,4314.872,4331.667,1682527026.533041
4314.872,4320.385,4287.308,4310.0,4263.974,4305.128,4292.436,4360.897,4303.333,4285.513,4350.0,4443.974,4320.641,4332.564,1682527026.5628061
4315.256,4323.462,4300.256,4322.436,4266.026,4305.897,4296.282,4365.385,4321.41,4297.564,4370.769,4460.769,4336.282,4346.41,1682527026.5638056
4314.615,4309.872,4298.974,4320.0,4281.026,4306.538,4296.667,4365.0,4310.897,4280.897,4362.821,4453.846,4324.359,4339.744,1682527026.5638056
4316.282,4293.718,4278.205,4303.846,4292.821,4306.538,4292.436,4357.179,4271.795,4248.59,4328.205,4423.974,4295.513,4312.692,1682527026.5638056
4315.128,4292.692,4272.051,4301.538,4287.179,4305.897,4293.077,4354.103,4276.795,4257.179,4323.333,4420.256,4290.128,4310.128,1682527026.6017134
4313.59,4295.128,4274.615,4294.744,4262.051,4305.128,4293.718,4358.077,4297.692,4268.846,4329.231,4427.949,4287.821,4316.538,1682527026.6017134
4314.744,4297.564,4278.333,4296.282,4251.282,4305.385,4289.359,4356.795,4283.205,4247.308,4328.462,4427.564,4286.667,4315.0,1682527026.6017134
4316.538,4311.923,4292.436,4316.026,4286.026,4307.821,4290.769,4352.051,4273.974,4260.897,4345.769,4442.051,4312.564,4329.231,1682527026.6017134
4315.897,4317.692,4291.667,4314.744,4301.282,4309.231,4296.795,4353.077,4286.667,4300.513,4355.641,4447.564,4320.641,4336.923,1682527026.6314545
4316.667,4303.205,4277.692,4306.282,4280.128,4305.128,4297.564,4357.179,4293.333,4282.308,4344.615,4433.077,4297.949,4327.692,1682527026.6316864
4316.282,4301.282,4277.821,4310.513,4274.872,4301.41,4292.308,4354.103,4286.026,4242.179,4335.128,4428.333,4293.974,4323.462,1682527026.6319509
4311.538,4308.974,4278.077,4301.026,4280.256,4302.179,4290.0,4349.359,4272.179,4247.821,4323.077,4426.282,4292.564,4316.282,1682527026.6325517
4311.538,4313.59,4277.949,4296.538,4281.282,4303.462,4292.692,4356.282,4284.872,4272.436,4331.154,4430.897,4291.41,4316.667,1682527026.6535206
4315.128,4321.923,4288.718,4315.128,4283.974,4305.0,4296.026,4361.026,4303.59,4269.103,4358.59,4448.974,4312.564,4333.718,1682527026.6535206
4314.359,4313.974,4281.795,4307.692,4271.795,4305.256,4291.923,4353.333,4282.051,4257.436,4342.308,4441.795,4310.513,4327.308,1682527026.6535206
4311.282,4289.231,4269.487,4289.487,4253.205,4301.795,4284.872,4354.103,4283.974,4275.0,4324.872,4427.308,4292.564,4314.231,1682527026.6535206
4314.744,4294.615,4286.923,4306.154,4279.615,4297.821,4284.487,4360.513,4318.333,4289.615,4358.718,4447.308,4311.667,4336.538,1682527026.68983
4317.692,4310.513,4290.769,4313.718,4313.59,4297.436,4288.205,4356.154,4299.231,4280.641,4363.333,4450.128,4322.692,4342.949,1682527026.6908357
4314.359,4294.103,4265.641,4291.41,4284.615,4299.872,4290.0,4349.231,4257.949,4257.179,4321.41,4417.692,4287.564,4313.333,1682527026.6908357
4312.051,4281.154,4261.667,4282.436,4239.103,4304.615,4284.103,4349.615,4265.769,4242.949,4317.821,4410.641,4272.564,4305.256,1682527026.6908357
4313.718,4296.667,4281.795,4295.256,4251.026,4304.872,4282.308,4354.615,4293.718,4270.0,4353.718,4438.077,4301.923,4328.077,1682527026.7228508
4313.333,4307.051,4285.385,4300.0,4275.513,4300.769,4289.872,4356.923,4298.846,4297.436,4362.692,4449.359,4320.769,4335.513,1682527026.7232752
4313.077,4298.205,4277.564,4296.41,4267.051,4302.436,4292.436,4354.744,4299.231,4291.795,4345.769,4436.923,4311.282,4325.256,1682527026.7232752
4313.59,4290.256,4279.615,4298.077,4258.333,4304.615,4291.282,4358.205,4311.795,4274.487,4339.872,4435.385,4296.538,4324.487,1682527026.7232752
4311.795,4289.615,4280.0,4301.923,4261.154,4298.333,4294.103,4360.641,4311.026,4261.154,4342.564,4441.667,4291.667,4327.179,1682527026.751085
4311.923,4298.205,4280.641,4304.744,4270.513,4297.308,4295.897,4356.282,4294.231,4269.872,4344.872,4440.385,4300.641,4329.359,1682527026.7512534
4316.026,4305.769,4291.667,4310.385,4292.564,4305.128,4292.308,4359.231,4302.564,4313.205,4356.282,4447.308,4318.077,4338.462,1682527026.7512534
4315.385,4301.538,4296.667,4313.462,4305.769,4304.231,4295.128,4363.974,4315.0,4322.949,4361.538,4458.974,4322.051,4338.462,1682527026.7517474
4310.128,4291.282,4285.256,4302.308,4279.615,4299.231,4295.897,4360.0,4298.333,4272.051,4346.795,4450.513,4304.744,4321.41,1682527026.780065
4308.462,4289.103,4279.487,4295.256,4267.308,4301.41,4287.179,4359.744,4294.744,4249.103,4336.154,4435.897,4289.103,4314.231,1682527026.780065
4310.385,4302.692,4291.41,4308.846,4296.41,4303.974,4291.154,4366.41,4315.769,4268.462,4342.564,4443.974,4297.436,4328.077,1682527026.780065
4313.59,4306.795,4296.923,4317.949,4293.974,4302.564,4302.051,4368.333,4312.051,4276.795,4347.949,4455.513,4307.949,4333.333,1682527026.780065
4311.538,4292.436,4288.077,4311.154,4273.59,4298.333,4292.949,4364.615,4295.513,4280.256,4349.872,4450.897,4298.205,4326.538,1682527026.809967
4310.0,4287.179,4280.513,4304.615,4288.205,4298.974,4281.538,4355.769,4292.692,4285.256,4347.051,4439.359,4289.359,4325.513,1682527026.810961
4310.385,4299.615,4280.256,4303.077,4290.897,4303.974,4288.59,4351.923,4297.179,4265.641,4336.538,4434.359,4292.949,4325.385,1682527026.810961
4311.795,4306.41,4284.359,4305.897,4276.026,4302.949,4293.59,4361.154,4302.821,4255.385,4335.385,4440.256,4294.231,4321.41,1682527026.810961
4313.205,4309.359,4298.462,4321.41,4303.462,4301.154,4294.231,4367.436,4306.154,4292.564,4356.41,4460.641,4300.513,4331.667,1682527026.8479867
4315.128,4312.564,4306.538,4326.41,4331.538,4305.513,4300.256,4366.154,4311.154,4305.897,4366.795,4472.051,4307.436,4339.359,1682527026.8479867
4313.205,4300.513,4288.333,4310.385,4310.256,4303.846,4295.769,4362.949,4305.769,4272.436,4345.897,4452.821,4295.897,4319.359,1682527026.8479867
4310.256,4288.205,4272.949,4303.462,4290.897,4297.821,4288.462,4357.949,4286.026,4253.205,4331.41,4433.205,4286.282,4306.154,1682527026.8479867
4311.538,4293.205,4287.692,4310.641,4294.487,4301.923,4296.026,4355.385,4281.026,4253.718,4339.359,4443.333,4295.385,4321.923,1682527026.870385
4312.949,4297.564,4299.615,4310.256,4292.821,4305.641,4300.256,4360.641,4302.564,4260.897,4346.538,4458.59,4295.897,4331.538,1682527026.8711371
4312.179,4293.462,4293.077,4310.128,4293.333,4301.282,4295.0,4367.564,4325.128,4295.128,4353.333,4459.872,4292.821,4329.231,1682527026.8716328
4311.923,4296.795,4289.872,4314.615,4313.333,4299.487,4293.718,4366.41,4326.41,4311.923,4356.667,4454.487,4299.744,4329.744,1682527026.8716328
4311.026,4304.103,4291.538,4309.231,4322.821,4303.333,4295.256,4362.949,4308.846,4282.949,4343.59,4449.487,4292.564,4327.949,1682527026.9079223
4309.103,4308.846,4297.308,4313.077,4302.564,4304.872,4296.154,4363.59,4297.308,4272.308,4346.923,4457.179,4291.538,4333.846,1682527026.9079223
4310.897,4306.154,4303.077,4322.821,4299.231,4303.077,4295.897,4365.513,4305.513,4282.564,4365.897,4465.769,4308.718,4341.923,1682527026.9089165
4312.692,4297.821,4298.077,4315.897,4311.154,4303.333,4296.026,4366.41,4311.282,4277.436,4361.667,4458.974,4307.692,4330.256,1682527026.9089165
4313.462,4293.333,4290.0,4308.333,4303.846,4305.641,4295.385,4364.231,4312.821,4276.026,4353.59,4454.872,4296.154,4321.923,1682527026.9376018
4312.436,4294.231,4288.205,4310.897,4302.949,4302.821,4290.513,4361.795,4311.282,4291.41,4356.667,4455.769,4300.0,4327.821,1682527026.9376018
4312.692,4298.718,4287.308,4310.641,4304.103,4297.692,4289.744,4361.795,4299.872,4297.179,4355.128,4455.769,4305.513,4327.436,1682527026.9376018
4311.795,4299.615,4286.795,4309.744,4289.872,4296.923,4295.513,4362.179,4299.231,4279.231,4354.359,4457.949,4303.333,4325.385,1682527026.9385986
4310.385,4296.795,4290.769,4313.205,4295.128,4298.59,4296.667,4364.744,4306.667,4277.949,4359.487,4460.128,4306.538,4328.333,1682527026.9685996
4313.205,4295.513,4293.846,4310.128,4308.333,4298.718,4292.179,4365.256,4303.077,4293.718,4361.667,4458.333,4307.564,4327.564,1682527026.969156
4316.538,4295.513,4293.205,4307.308,4294.487,4297.949,4293.718,4361.154,4305.128,4291.923,4363.718,4457.821,4306.667,4328.974,1682527026.969156
4313.333,4302.949,4294.487,4313.462,4292.051,4298.205,4297.308,4364.103,4325.513,4278.718,4370.897,4461.795,4315.641,4337.564,1682527026.9696538
4310.897,4311.667,4294.615,4317.436,4313.59,4298.077,4294.359,4368.974,4322.564,4274.231,4369.744,4459.359,4314.359,4336.667,1682527026.9979658
4312.949,4307.949,4290.0,4314.231,4317.564,4298.205,4292.308,4360.769,4294.872,4294.615,4362.436,4451.41,4305.897,4326.026,1682527026.9983296
4307.051,4285.641,4273.205,4295.641,4289.487,4298.077,4294.487,4353.59,4281.923,4293.205,4344.103,4431.667,4287.949,4309.615,1682527026.998535
4303.974,4274.615,4267.179,4286.538,4278.462,4298.205,4297.308,4362.821,4298.077,4270.513,4334.744,4424.615,4276.538,4303.718,1682527026.9988253
4312.564,4293.718,4287.051,4308.205,4300.385,4298.205,4298.718,4370.256,4320.385,4280.769,4357.692,4452.564,4299.359,4323.846,1682527027.0356073
4315.513,4313.974,4300.256,4323.077,4300.128,4298.205,4298.846,4366.282,4316.795,4295.641,4373.205,4471.667,4321.41,4342.436,1682527027.0356073
4309.615,4315.769,4292.949,4313.846,4289.103,4298.205,4293.333,4359.744,4304.231,4292.308,4364.231,4461.923,4315.641,4337.564,1682527027.0360477
4309.744,4308.846,4289.103,4307.436,4299.615,4298.205,4289.359,4357.308,4305.256,4291.667,4363.205,4454.615,4309.103,4329.872,1682527027.0360477
4310.256,4302.308,4289.487,4307.051,4298.718,4298.205,4294.487,4359.103,4301.538,4280.385,4364.103,4453.846,4307.564,4329.231,1682527027.0653765
4309.744,4291.538,4284.615,4301.538,4277.179,4298.205,4296.923,4357.821,4288.718,4257.949,4347.051,4444.872,4292.821,4323.205,1682527027.0653765
4311.923,4294.615,4291.538,4312.692,4290.0,4298.205,4295.256,4357.564,4298.077,4276.026,4348.462,4451.282,4296.795,4328.333,1682527027.0653765
4312.436,4309.359,4302.949,4326.282,4321.282,4298.205,4296.282,4361.923,4314.231,4312.436,4372.051,4466.667,4321.154,4341.795,1682527027.0653765
4309.744,4304.231,4298.205,4317.949,4323.846,4298.205,4296.282,4366.282,4310.769,4310.513,4374.872,4464.231,4318.59,4336.667,1682527027.0970025
4311.026,4290.641,4291.026,4303.718,4295.641,4298.205,4292.308,4369.231,4313.846,4293.462,4357.949,4459.103,4299.872,4323.59,1682527027.0970025
4311.026,4293.974,4287.308,4298.462,4263.59,4298.205,4289.487,4363.205,4312.051,4276.538,4348.205,4452.179,4289.487,4318.718,1682527027.0970025
4310.897,4307.692,4294.231,4315.513,4292.564,4298.205,4295.385,4357.821,4294.359,4274.487,4359.744,4453.718,4301.41,4328.462,1682527027.0970025
4313.846,4308.59,4310.513,4332.692,4330.769,4298.205,4301.923,4363.846,4294.359,4286.795,4372.692,4469.615,4322.051,4340.513,1682527027.1250753
4311.538,4294.487,4301.667,4314.231,4289.744,4298.205,4295.897,4364.103,4302.051,4291.795,4361.667,4464.487,4315.897,4335.385,1682527027.1250753
4308.846,4287.821,4279.615,4295.0,4260.513,4298.205,4289.103,4357.692,4295.128,4289.487,4353.846,4445.641,4298.846,4322.051,1682527027.1250753
4311.026,4298.333,4285.0,4308.59,4301.026,4298.205,4295.256,4361.923,4304.359,4288.974,4363.59,4452.564,4302.051,4322.564,1682527027.1260707
4310.897,4303.462,4300.513,4317.436,4317.564,4298.205,4300.641,4370.385,4329.615,4298.718,4364.359,4466.923,4306.41,4327.949,1682527027.1625736
4306.154,4299.231,4297.436,4311.026,4293.846,4298.205,4296.795,4369.615,4325.897,4303.077,4361.795,4463.077,4299.487,4328.846,1682527027.1635728
4306.41,4294.231,4286.795,4307.308,4282.949,4298.077,4293.077,4364.103,4301.667,4287.821,4363.333,4453.462,4298.333,4324.872,1682527027.1635728
4307.821,4281.538,4277.692,4298.974,4272.692,4297.949,4293.59,4358.077,4291.667,4264.872,4350.128,4443.333,4295.897,4313.462,1682527027.1635728
4309.103,4285.385,4279.872,4299.103,4287.821,4298.077,4297.564,4361.026,4304.359,4257.436,4341.154,4446.026,4291.026,4315.256,1682527027.1850927
4309.359,4293.846,4286.41,4307.692,4315.641,4298.333,4297.564,4367.308,4318.718,4286.282,4351.026,4456.026,4292.051,4324.487,1682527027.1850927
4310.769,4281.795,4281.026,4306.667,4295.128,4297.179,4291.667,4360.385,4304.359,4302.949,4355.641,4446.538,4292.821,4320.897,1682527027.1850927
4313.205,4290.256,4282.692,4311.538,4289.359,4297.692,4292.692,4356.538,4289.359,4285.897,4357.179,4446.538,4302.949,4326.026,1682527027.1850927
4312.564,4320.513,4289.103,4317.436,4312.308,4302.564,4298.333,4360.769,4291.923,4284.103,4360.128,4458.974,4311.154,4333.846,1682527027.228547
4309.615,4320.641,4284.487,4311.41,4314.487,4303.846,4294.744,4359.615,4297.051,4288.205,4358.205,4453.718,4301.41,4329.615,1682527027.228547
4311.538,4299.359,4285.256,4312.179,4316.795,4300.385,4292.564,4361.41,4305.0,4270.128,4362.821,4451.154,4302.308,4331.667,1682527027.228547
4313.462,4298.846,4291.538,4317.436,4314.615,4299.359,4300.641,4365.897,4304.872,4274.487,4365.256,4460.897,4313.718,4335.769,1682527027.228547
4309.487,4311.026,4291.538,4314.487,4310.769,4301.538,4303.718,4365.128,4297.949,4307.949,4362.179,4461.282,4312.692,4329.615,1682527027.2531571
4308.974,4317.179,4287.436,4313.59,4340.769,4299.359,4297.179,4364.487,4308.59,4308.462,4363.462,4453.462,4309.359,4327.051,1682527027.253653
4310.769,4301.667,4280.0,4307.564,4345.256,4299.359,4294.359,4363.59,4316.41,4284.103,4360.641,4445.897,4308.077,4323.59,1682527027.253653
4310.385,4283.205,4275.128,4301.282,4299.359,4302.308,4295.769,4357.308,4293.846,4285.641,4357.821,4443.718,4303.974,4318.718,1682527027.253653
4311.795,4307.308,4287.949,4315.0,4320.641,4301.154,4292.949,4358.333,4291.154,4298.59,4373.974,4459.103,4315.256,4334.487,1682527027.282757
4315.385,4339.231,4302.564,4330.513,4379.872,4300.641,4293.718,4368.333,4322.436,4304.231,4390.0,4477.436,4333.718,4352.436,1682527027.282757
4313.59,4331.154,4301.026,4328.974,4357.051,4303.846,4296.282,4370.897,4331.282,4305.769,4384.231,4475.256,4331.538,4348.718,1682527027.282757
4311.667,4305.897,4290.128,4318.59,4309.103,4304.744,4293.59,4363.718,4317.051,4295.769,4369.103,4459.872,4314.231,4335.513,1682527027.282757
4314.487,4309.872,4295.641,4323.462,4326.538,4303.846,4294.359,4364.744,4321.923,4307.949,4375.128,4464.103,4317.308,4341.282,1682527027.3204222
4316.667,4332.692,4313.718,4339.744,4362.308,4304.231,4297.564,4369.231,4328.333,4337.692,4392.949,4481.41,4334.359,4360.256,1682527027.3204222
4312.821,4325.385,4301.667,4326.41,4330.0,4300.513,4294.744,4360.513,4295.128,4305.641,4381.41,4468.462,4328.205,4350.0,1682527027.3204222
4310.897,4302.051,4282.564,4303.077,4285.769,4296.41,4291.667,4357.821,4284.231,4266.41,4366.795,4450.385,4314.744,4331.538,1682527027.3204222
4314.359,4304.231,4291.282,4311.154,4313.59,4298.718,4295.128,4369.103,4324.744,4296.923,4382.051,4462.692,4325.128,4340.769,1682527027.3516102
4313.846,4316.923,4292.436,4319.744,4343.974,4299.744,4296.282,4366.538,4325.385,4316.795,4383.462,4460.385,4329.103,4343.333,1682527027.3516102
4308.718,4308.205,4273.59,4306.026,4319.359,4296.795,4295.0,4356.154,4293.59,4295.128,4361.41,4435.385,4312.179,4323.333,1682527027.3527017
4311.667,4300.385,4276.41,4305.769,4322.308,4298.974,4295.897,4364.103,4309.103,4299.103,4364.359,4440.0,4311.154,4324.231,1682527027.3527017
4316.154,4315.128,4295.0,4320.513,4350.769,4303.333,4295.897,4371.923,4326.41,4299.744,4385.0,4461.282,4328.462,4342.692,1682527027.372635
4312.949,4318.205,4294.103,4320.128,4323.077,4302.692,4294.231,4366.026,4308.59,4293.077,4378.205,4459.231,4326.923,4339.744,1682527027.372635
4311.923,4308.205,4289.615,4314.872,4303.333,4301.154,4295.513,4364.615,4305.513,4310.385,4362.692,4453.974,4313.718,4332.179,1682527027.372635
4314.231,4309.359,4291.282,4312.308,4324.231,4300.897,4296.795,4365.641,4309.359,4296.154,4361.41,4459.487,4308.974,4334.231,1682527027.373631
4313.077,4299.615,4282.436,4301.667,4294.615,4296.667,4292.692,4358.846,4292.564,4259.103,4354.359,4449.744,4303.718,4327.051,1682527027.4030595
4311.154,4285.256,4274.359,4298.205,4271.538,4297.179,4292.308,4355.128,4283.333,4268.077,4345.385,4435.641,4297.821,4318.59,1682527027.4040563
4312.308,4304.103,4287.949,4317.051,4326.667,4304.231,4297.821,4360.897,4290.641,4300.769,4357.308,4450.513,4306.41,4333.205,1682527027.4040563
4311.154,4314.231,4295.256,4321.282,4337.692,4302.821,4296.795,4360.385,4290.769,4289.615,4368.974,4460.256,4313.59,4340.641,1682527027.4040563
4312.564,4297.564,4280.641,4302.564,4291.667,4299.744,4291.026,4355.385,4286.667,4264.872,4363.846,4445.513,4308.59,4326.795,1682527027.4421282
4314.231,4299.103,4278.974,4303.205,4298.462,4302.436,4291.923,4361.538,4299.615,4279.487,4362.692,4442.949,4310.256,4327.051,1682527027.4431202
4313.077,4304.231,4287.051,4309.359,4306.667,4300.641,4295.0,4369.359,4316.795,4302.821,4359.231,4448.333,4313.718,4331.282,1682527027.443225
4311.282,4300.897,4288.333,4305.385,4287.692,4295.641,4294.359,4366.154,4311.282,4303.59,4355.0,4446.795,4312.821,4324.872,1682527027.443225
3.0,7.0,3.0,5.0,7.0,7.0,1.0,2.0,8.0,8.0,6.0,4.0,8.0,4.0,1682527027.455437
4310.897,4309.487,4289.615,4307.564,4314.744,4298.462,4294.103,4364.487,4312.692,4305.897,4368.974,4450.897,4320.256,4329.359,1682527027.4711566
4310.769,4310.128,4285.641,4305.513,4332.564,4300.769,4291.538,4365.641,4318.59,4293.462,4366.795,4446.282,4312.949,4331.538,1682527027.4711566
4312.308,4293.462,4276.026,4297.821,4296.538,4297.821,4289.615,4357.179,4287.308,4257.436,4342.308,4431.795,4296.795,4319.615,1682527027.47216
4312.308,4290.385,4277.179,4306.538,4295.513,4299.231,4293.974,4355.641,4271.026,4267.949,4345.256,4438.974,4301.41,4321.667,1682527027.47216
4309.487,4300.0,4284.231,4313.205,4323.077,4299.359,4297.692,4364.872,4293.846,4298.077,4363.333,4452.308,4307.564,4332.564,1682527027.5005395
4310.128,4297.179,4276.795,4297.308,4303.846,4296.667,4297.179,4364.103,4293.077,4266.923,4346.41,4438.077,4290.897,4322.051,1682527027.5005395
4310.769,4295.0,4269.487,4290.769,4282.436,4298.974,4296.026,4356.795,4278.846,4241.923,4329.744,4425.0,4283.077,4312.692,1682527027.5005395
4309.615,4300.897,4275.256,4298.462,4292.179,4301.026,4292.051,4357.949,4293.59,4289.103,4351.026,4436.282,4300.641,4322.949,1682527027.5015426
4310.641,4296.923,4279.359,4297.308,4295.385,4298.846,4288.846,4360.256,4305.641,4314.744,4365.256,4444.744,4311.282,4327.051,1682527027.5314348
4310.769,4282.308,4277.308,4291.667,4293.718,4301.026,4294.103,4356.538,4303.974,4281.923,4352.436,4437.949,4308.077,4320.897,1682527027.5314348
4306.667,4292.308,4289.103,4303.974,4315.641,4306.538,4300.0,4359.744,4319.231,4290.769,4361.154,4450.128,4316.538,4332.692,1682527027.5314348
4309.103,4314.231,4300.128,4321.282,4320.769,4302.692,4295.513,4361.538,4315.256,4315.256,4375.0,4465.513,4319.615,4346.41,1682527027.5314348
4312.692,4306.026,4281.923,4310.641,4286.795,4297.051,4289.359,4351.538,4280.256,4279.103,4348.59,4441.795,4298.718,4328.846,1682527027.5681665
4311.026,4300.128,4272.949,4303.974,4290.256,4300.256,4292.821,4352.051,4275.385,4252.308,4336.538,4428.974,4296.154,4320.769,1682527027.5681665
4308.718,4300.769,4282.308,4313.718,4307.179,4304.359,4297.436,4360.513,4291.538,4272.949,4356.282,4442.949,4312.564,4328.846,1682527027.5681665
4311.026,4282.179,4273.462,4304.359,4281.282,4304.359,4294.744,4359.103,4296.41,4281.154,4354.487,4437.821,4308.974,4320.897,1682527027.5681665
4313.333,4273.718,4259.615,4284.359,4283.333,4302.821,4293.462,4356.282,4308.077,4285.128,4341.154,4427.821,4299.744,4312.179,1682527027.5906665
4313.718,4281.026,4265.0,4284.487,4316.923,4300.128,4296.41,4354.872,4301.282,4291.154,4343.718,4432.179,4297.692,4312.692,1682527027.5906665
4310.0,4284.487,4275.513,4295.897,4302.821,4297.692,4294.872,4349.872,4275.769,4269.872,4349.615,4436.154,4295.385,4316.026,1682527027.5906665
4307.179,4289.744,4280.641,4298.333,4263.205,4297.051,4290.513,4351.538,4288.846,4262.308,4347.949,4437.821,4299.872,4325.128,1682527027.5906665
4310.128,4299.231,4289.231,4306.41,4280.897,4297.564,4291.667,4360.385,4312.179,4285.769,4351.795,4447.821,4310.513,4336.795,1682527027.6275413
4309.744,4301.154,4291.026,4313.846,4312.436,4298.333,4294.359,4360.641,4299.487,4291.538,4363.333,4452.308,4313.718,4337.692,1682527027.628038
4308.974,4300.897,4280.513,4302.436,4298.59,4298.974,4293.718,4356.154,4283.333,4270.513,4360.769,4439.615,4308.077,4329.103,1682527027.628038
4313.333,4293.846,4276.667,4292.821,4275.385,4297.821,4295.385,4358.077,4294.487,4263.846,4350.128,4433.333,4304.872,4326.026,1682527027.628038
4315.128,4279.744,4279.615,4294.872,4283.333,4296.923,4294.872,4357.949,4299.359,4280.385,4349.103,4439.487,4305.641,4323.974,1682527027.658416
4309.103,4284.744,4276.41,4295.897,4305.256,4297.179,4289.359,4351.795,4283.205,4292.949,4351.282,4436.538,4304.359,4318.846,1682527027.658416
4308.846,4292.179,4270.0,4291.795,4295.641,4298.846,4289.744,4344.231,4266.667,4274.487,4339.359,4420.128,4291.154,4310.513,1682527027.658416
4311.538,4282.949,4273.59,4291.154,4271.41,4301.154,4296.026,4348.846,4275.897,4243.333,4329.359,4422.308,4282.308,4311.667,1682527027.658416
4309.744,4283.59,4279.872,4294.872,4287.436,4298.846,4295.769,4360.641,4296.667,4247.949,4332.308,4435.641,4287.051,4318.205,1682527027.6873405
4308.718,4288.718,4281.923,4300.769,4316.538,4296.026,4293.462,4361.795,4299.872,4278.846,4340.385,4436.795,4290.769,4321.41,1682527027.6873405
4311.538,4293.205,4295.769,4315.0,4311.795,4301.154,4297.308,4360.128,4311.154,4288.462,4360.769,4450.769,4305.385,4336.667,1682527027.6873405
4310.256,4304.359,4304.359,4317.692,4291.538,4302.308,4296.41,4359.359,4307.051,4269.487,4367.308,4460.641,4317.821,4342.179,1682527027.6873405
4310.256,4303.59,4298.59,4306.026,4285.0,4297.949,4292.308,4357.436,4283.205,4285.513,4362.436,4455.641,4319.231,4335.0,1682527027.7194514
4312.436,4287.821,4292.436,4295.641,4278.077,4299.872,4292.308,4355.641,4287.692,4316.282,4366.282,4456.282,4320.513,4334.487,1682527027.7194514
4310.897,4287.692,4287.821,4291.667,4282.179,4301.41,4293.718,4358.59,4306.795,4285.641,4361.154,4453.974,4314.615,4332.179,1682527027.7194514
4310.513,4307.949,4292.692,4305.769,4321.154,4298.333,4296.282,4366.154,4317.821,4265.0,4361.41,4456.795,4313.077,4337.949,1682527027.7194514
4311.923,4308.205,4297.692,4322.564,4339.487,4297.821,4295.128,4362.949,4311.795,4287.564,4367.051,4460.256,4314.744,4342.051,1682527027.75581
4310.385,4294.487,4282.949,4307.436,4297.179,4297.949,4290.897,4352.949,4287.692,4282.949,4351.667,4440.769,4301.41,4321.923,1682527027.75581
4308.974,4285.0,4268.205,4286.538,4269.872,4298.205,4292.051,4350.256,4276.026,4262.821,4335.256,4422.436,4287.179,4303.205,1682527027.75581
4312.179,4281.282,4279.487,4298.846,4294.615,4301.41,4298.462,4357.949,4309.744,4277.179,4350.0,4441.538,4302.564,4320.0,1682527027.75581
4310.513,4294.615,4287.179,4309.615,4310.769,4299.872,4296.667,4362.051,4329.487,4292.949,4361.026,4456.795,4319.359,4333.974,1682527027.7790387
4307.949,4302.564,4274.359,4295.128,4293.974,4298.333,4290.256,4354.744,4288.077,4286.41,4344.231,4433.333,4304.231,4317.821,1682527027.7790387
4310.769,4301.282,4276.154,4298.077,4293.59,4306.026,4292.179,4353.974,4274.103,4285.897,4346.41,4430.513,4299.231,4319.744,1682527027.7795606
4312.949,4292.564,4283.205,4300.513,4301.282,4305.256,4295.897,4362.564,4302.692,4278.718,4352.692,4444.231,4302.692,4326.923,1682527027.7800543
4309.103,4283.333,4277.949,4287.949,4295.256,4298.59,4295.641,4361.154,4306.41,4276.538,4341.795,4440.0,4294.872,4314.103,1682527027.815218
4310.128,4287.179,4278.077,4297.949,4291.41,4300.641,4296.154,4349.359,4295.385,4279.615,4340.641,4436.538,4295.513,4312.308,1682527027.815218
4313.077,4296.795,4285.641,4312.821,4288.205,4301.154,4297.179,4348.333,4310.256,4269.103,4348.59,4447.051,4302.949,4325.897,1682527027.815218
4311.923,4294.744,4287.692,4304.487,4282.436,4296.538,4295.256,4354.872,4315.385,4264.487,4350.897,4451.282,4303.846,4324.231,1682527027.815218
4309.103,4286.282,4275.897,4289.615,4285.385,4296.154,4289.744,4347.821,4284.231,4271.154,4340.385,4431.795,4295.385,4307.821,1682527027.8491073
4307.949,4290.385,4263.462,4285.641,4304.487,4297.179,4287.949,4342.179,4269.487,4283.974,4326.41,4417.308,4289.744,4307.051,1682527027.8491073
4308.077,4288.205,4263.333,4291.282,4317.051,4297.051,4293.462,4350.128,4290.256,4285.897,4326.538,4423.077,4293.462,4313.846,1682527027.8491073
4309.744,4278.462,4266.795,4295.513,4296.026,4298.077,4297.179,4350.0,4297.949,4257.436,4332.308,4424.744,4290.513,4309.231,1682527027.8491073
4311.41,4286.795,4263.846,4291.538,4284.744,4298.974,4292.692,4342.308,4282.179,4239.103,4330.256,4419.103,4281.026,4305.769,1682527027.876014
4308.718,4295.128,4262.949,4287.436,4322.949,4298.462,4291.923,4346.026,4282.179,4272.692,4331.41,4422.821,4283.205,4309.231,1682527027.876014
4308.077,4285.0,4272.564,4294.487,4334.744,4297.692,4296.923,4353.205,4300.385,4290.256,4340.641,4431.026,4290.641,4310.256,1682527027.876014
4308.846,4275.385,4278.718,4295.256,4297.821,4296.41,4297.308,4351.282,4302.692,4258.462,4342.821,4431.026,4288.077,4310.769,1682527027.876014
4310.256,4286.923,4278.205,4289.615,4303.846,4298.718,4296.026,4352.564,4294.615,4268.205,4347.692,4438.333,4294.872,4320.128,1682527027.904947
4311.538,4305.128,4281.282,4302.051,4335.897,4301.41,4297.564,4357.564,4292.564,4306.154,4360.641,4449.487,4313.077,4331.282,1682527027.9059439
4310.513,4299.103,4283.718,4314.744,4335.641,4297.949,4297.051,4354.872,4299.103,4296.154,4359.872,4446.538,4313.846,4331.154,1682527027.9059439
4309.359,4278.59,4275.0,4304.103,4331.026,4296.282,4292.692,4350.513,4307.949,4272.308,4347.051,4436.154,4301.026,4321.154,1682527027.9059439
4310.897,4282.436,4259.872,4288.077,4334.744,4300.513,4290.128,4353.333,4309.872,4271.154,4336.538,4425.641,4292.308,4311.538,1682527027.9435735
4309.615,4305.897,4259.744,4292.692,4340.897,4301.667,4292.564,4359.359,4312.308,4278.077,4341.154,4426.154,4297.949,4315.897,1682527027.944284
4305.513,4305.641,4270.641,4302.436,4353.846,4298.077,4294.872,4357.179,4309.744,4282.949,4348.974,4432.051,4302.949,4324.103,1682527027.944284
4305.897,4281.923,4259.487,4286.026,4323.718,4296.41,4293.974,4346.41,4284.359,4269.231,4328.333,4415.513,4284.744,4308.205,1682527027.944284
4311.538,4272.308,4245.128,4268.205,4284.744,4300.0,4292.821,4344.872,4269.103,4255.641,4309.359,4402.051,4272.308,4295.256,1682527027.9735847
4311.282,4281.026,4263.974,4285.128,4323.462,4302.692,4293.846,4354.487,4288.974,4273.077,4329.231,4427.821,4286.795,4315.0,1682527027.9735847
4308.718,4288.974,4285.769,4306.026,4359.359,4299.487,4293.462,4358.077,4302.051,4282.949,4350.897,4453.077,4300.769,4333.077,1682527027.9740183
4310.897,4294.872,4281.667,4300.897,4344.872,4296.026,4293.718,4356.41,4300.256,4279.487,4354.231,4448.59,4308.205,4331.154,1682527027.9740183
4311.538,4292.821,4275.256,4291.154,4328.846,4298.077,4294.231,4357.564,4315.0,4291.154,4355.897,4443.077,4310.513,4325.769,1682527027.995235
4309.615,4287.692,4277.179,4290.256,4316.538,4300.256,4291.667,4356.795,4317.051,4287.051,4351.154,4442.692,4298.205,4321.538,1682527027.995235
4308.462,4295.0,4282.179,4297.692,4319.359,4300.128,4295.256,4356.923,4299.872,4272.308,4353.974,4444.872,4297.821,4324.103,1682527027.9963791
4309.487,4297.308,4283.974,4307.949,4337.821,4302.051,4296.923,4356.41,4294.744,4281.667,4365.256,4449.487,4311.538,4328.846,1682527027.9963791
4307.051,4288.462,4269.744,4297.436,4324.103,4302.564,4288.205,4346.923,4285.897,4273.205,4345.897,4433.846,4302.436,4316.026,1682527028.0334766
4306.795,4291.538,4262.949,4284.744,4316.154,4302.949,4287.564,4346.026,4280.641,4249.615,4324.359,4419.487,4289.872,4307.949,1682527028.0334766
4309.872,4294.872,4271.538,4296.026,4339.744,4302.821,4295.0,4357.821,4301.795,4279.615,4339.231,4429.744,4295.769,4316.282,1682527028.0334766
4311.667,4281.026,4263.333,4293.974,4324.872,4298.077,4293.974,4355.385,4309.615,4305.385,4347.308,4428.077,4292.436,4310.0,1682527028.0334766
4310.513,4290.128,4262.051,4288.333,4312.436,4297.436,4292.949,4347.308,4290.897,4274.103,4345.385,4427.821,4295.0,4313.974,1682527028.0637898
4310.0,4324.103,4289.872,4315.769,4341.282,4305.769,4298.205,4355.385,4297.179,4263.718,4363.59,4456.923,4321.282,4347.051,1682527028.0637898
4309.872,4319.872,4298.462,4326.667,4343.077,4304.487,4295.256,4361.154,4316.667,4278.846,4368.718,4466.282,4323.462,4353.846,1682527028.0637898
4310.0,4296.538,4281.026,4302.308,4326.923,4296.795,4292.051,4356.538,4311.282,4281.538,4358.333,4447.436,4304.231,4333.974,1682527028.0637898
4309.487,4292.821,4279.872,4293.077,4323.205,4298.846,4294.103,4356.282,4308.462,4291.795,4358.974,4445.897,4304.487,4329.487,1682527028.0936797
4307.949,4285.769,4282.179,4296.538,4305.256,4301.41,4290.513,4355.128,4308.974,4293.846,4352.821,4446.923,4303.974,4326.41,1682527028.0936797
4308.718,4280.513,4273.846,4297.308,4312.308,4301.282,4289.744,4351.538,4297.179,4267.949,4342.308,4435.0,4291.026,4317.821,1682527028.0947464
4310.641,4305.128,4280.641,4308.59,4367.692,4304.359,4298.333,4355.641,4298.205,4273.974,4357.051,4442.692,4297.179,4327.308,1682527028.0947464
4308.846,4316.923,4289.487,4306.923,4357.564,4301.795,4297.692,4358.205,4307.692,4301.41,4369.744,4454.231,4312.179,4334.487,1682527028.1231189
4305.0,4285.769,4274.231,4281.795,4286.667,4297.179,4284.231,4352.308,4292.564,4274.359,4350.0,4437.692,4301.154,4317.308,1682527028.1231189
4305.385,4268.205,4260.385,4275.641,4290.256,4299.487,4284.744,4349.744,4275.769,4246.282,4336.923,4421.667,4286.923,4305.385,1682527028.1236553
4308.462,4291.667,4276.282,4300.128,4341.41,4302.179,4301.154,4358.077,4304.744,4288.462,4360.897,4442.692,4305.0,4321.154,1682527028.1236553
4311.667,4314.231,4299.359,4321.41,4351.538,4301.41,4304.487,4363.333,4334.231,4330.256,4387.436,4473.718,4332.308,4343.077,1682527028.1674879
4310.385,4303.077,4299.615,4317.949,4353.077,4303.333,4293.974,4357.564,4314.359,4299.744,4377.308,4469.487,4326.282,4342.308,1682527028.1674879
4309.103,4293.59,4295.256,4311.154,4360.0,4303.974,4292.692,4360.0,4309.872,4268.077,4363.462,4461.795,4314.744,4338.333,1682527028.1674879
4310.513,4308.333,4301.795,4313.077,4333.718,4303.462,4297.051,4367.692,4339.744,4301.282,4373.974,4473.974,4324.359,4344.103,1682527028.1674879
4311.41,4309.872,4296.795,4305.513,4309.744,4305.897,4293.974,4359.744,4330.641,4325.385,4371.41,4467.692,4317.308,4337.308,1682527028.1674879
4308.974,4288.462,4276.667,4288.846,4307.308,4304.615,4291.667,4346.026,4285.897,4291.282,4345.513,4439.487,4289.744,4316.154,1682527028.1674879
4309.359,4290.897,4277.692,4295.641,4317.051,4298.59,4296.282,4350.641,4287.179,4267.308,4347.179,4440.0,4294.615,4316.282,1682527028.1674879
4309.231,4316.282,4299.615,4321.026,4356.538,4297.436,4299.744,4363.205,4318.333,4282.051,4374.744,4464.615,4324.359,4338.59,1682527028.1674879
4308.59,4315.513,4303.077,4326.795,4378.462,4299.231,4294.872,4363.846,4318.718,4290.256,4382.564,4471.026,4328.974,4344.359,1682527028.2252307
4308.59,4289.359,4283.59,4304.615,4321.923,4298.59,4291.026,4353.59,4296.667,4274.231,4360.256,4451.41,4303.846,4326.667,1682527028.2252307
4309.231,4285.769,4272.436,4293.205,4297.308,4297.051,4292.949,4347.821,4285.385,4266.667,4340.769,4433.077,4291.41,4315.897,1682527028.2252307
4310.897,4322.821,4290.769,4322.564,4362.821,4298.718,4295.385,4357.821,4308.205,4301.026,4360.641,4451.282,4318.718,4336.667,1682527028.2262206
4310.513,4327.692,4299.487,4331.282,4367.308,4299.744,4298.205,4361.923,4323.205,4321.41,4373.974,4463.718,4328.718,4345.897,1682527028.250447
4309.359,4284.487,4279.744,4297.308,4301.154,4298.205,4294.359,4351.538,4304.615,4279.487,4348.59,4441.538,4296.923,4324.103,1682527028.250447
4307.821,4282.051,4275.128,4294.487,4300.641,4298.974,4284.103,4350.769,4297.436,4256.41,4345.769,4437.179,4292.692,4322.179,1682527028.2514641
4308.846,4313.462,4285.513,4315.256,4331.41,4301.923,4283.59,4354.487,4301.538,4278.077,4365.513,4451.282,4313.718,4336.41,1682527028.2514641
4308.846,4307.051,4284.744,4312.179,4332.051,4303.846,4295.0,4352.564,4300.0,4278.718,4363.205,4448.59,4313.205,4332.436,1682527028.2884178
4309.615,4282.308,4283.205,4305.641,4332.821,4303.718,4299.487,4353.462,4303.205,4264.103,4356.026,4444.359,4305.0,4321.41,1682527028.2884178
4308.846,4286.41,4285.256,4307.949,4320.897,4303.718,4293.333,4355.513,4304.744,4273.462,4357.949,4448.333,4302.179,4320.897,1682527028.2894034
4306.026,4300.641,4281.282,4300.256,4314.615,4304.487,4292.821,4351.923,4294.487,4286.154,4351.795,4443.718,4295.256,4321.41,1682527028.2894034
4306.667,4296.795,4278.846,4297.308,4330.769,4302.436,4296.538,4351.282,4293.333,4289.487,4346.026,4438.59,4291.923,4317.436,1682527028.3112814
4308.333,4274.872,4273.59,4293.205,4308.846,4300.897,4295.256,4355.513,4295.769,4277.308,4339.487,4433.205,4287.564,4307.564,1682527028.3112814
4306.538,4275.385,4274.615,4290.256,4300.128,4301.923,4293.462,4358.974,4292.564,4259.359,4342.692,4436.282,4290.897,4313.205,1682527028.3112814
4308.205,4306.923,4294.103,4307.692,4353.718,4304.615,4294.359,4358.205,4302.821,4266.667,4362.179,4458.077,4311.923,4336.667,1682527028.3112814
4311.154,4308.974,4294.615,4309.615,4358.205,4302.949,4295.641,4351.026,4302.179,4274.615,4357.051,4458.59,4311.41,4332.821,1682527028.3491573
4307.436,4286.538,4279.744,4298.718,4303.846,4300.769,4295.256,4350.897,4294.103,4267.564,4344.359,4441.41,4299.872,4319.359,1682527028.3491573
4304.615,4292.564,4284.487,4305.897,4301.282,4300.641,4294.231,4355.769,4300.385,4280.256,4355.128,4444.231,4308.718,4327.051,1682527028.3491573
4309.231,4317.051,4296.923,4320.256,4343.846,4299.615,4292.436,4356.026,4310.256,4311.923,4373.077,4461.026,4325.0,4341.538,1682527028.3491573
4311.538,4317.308,4298.718,4324.359,4354.487,4301.538,4293.462,4357.692,4320.769,4318.846,4385.897,4469.744,4337.821,4349.615,1682527028.3780637
4307.821,4295.256,4287.051,4312.308,4327.051,4303.846,4295.769,4356.026,4314.231,4285.385,4373.59,4455.256,4330.0,4338.205,1682527028.3780637
4307.692,4300.0,4280.128,4302.436,4321.795,4302.564,4296.538,4351.795,4299.487,4270.385,4349.872,4441.923,4308.59,4325.256,1682527028.3780637
4309.872,4337.179,4297.949,4318.974,4345.0,4303.077,4296.923,4357.692,4310.385,4297.949,4365.897,4464.487,4319.872,4344.487,1682527028.3790686
4310.256,4342.564,4313.333,4337.564,4347.051,4304.744,4293.846,4363.59,4324.231,4309.359,4394.487,4485.256,4347.949,4363.974,1682527028.4086769
4307.051,4309.231,4298.59,4324.103,4335.641,4302.436,4294.872,4358.718,4316.41,4295.641,4376.667,4463.077,4333.462,4345.0,1682527028.4086769
4306.795,4305.385,4294.103,4321.538,4348.974,4305.641,4301.538,4361.282,4323.077,4297.692,4364.487,4456.154,4314.359,4337.051,1682527028.4092066
4307.821,4325.769,4307.821,4335.385,4359.744,4309.103,4297.821,4368.462,4331.667,4296.154,4379.487,4477.692,4332.308,4354.615,1682527028.4092066
4308.077,4319.231,4299.231,4326.667,4337.436,4303.846,4292.564,4358.974,4297.564,4273.974,4366.923,4463.205,4333.846,4346.026,1682527028.4381518
4308.59,4300.897,4283.974,4316.538,4309.872,4301.923,4295.256,4349.231,4274.487,4274.615,4347.692,4435.641,4310.128,4327.692,1682527028.4381518
4308.59,4306.923,4290.769,4321.026,4311.282,4304.487,4293.59,4355.769,4303.846,4293.59,4357.564,4443.205,4307.821,4337.051,1682527028.442137
4305.769,4309.872,4293.333,4316.795,4328.462,4302.949,4289.231,4357.821,4313.974,4282.564,4361.923,4451.154,4314.615,4342.949,1682527028.442137
3.0,7.0,3.0,5.0,7.0,7.0,1.0,2.0,8.0,8.0,6.0,4.0,8.0,4.0,1682527028.444066
4306.923,4295.897,4283.462,4306.41,4327.949,4300.897,4293.205,4353.333,4288.718,4267.564,4352.436,4440.0,4310.128,4328.846,1682527028.468405
4311.41,4303.077,4291.154,4314.231,4327.051,4303.59,4298.59,4357.949,4299.615,4287.436,4362.821,4445.385,4318.974,4335.641,1682527028.4694417
4310.385,4320.897,4296.282,4320.128,4338.077,4305.128,4294.615,4355.513,4312.692,4292.949,4364.615,4450.897,4323.718,4344.231,1682527028.4694417
4309.231,4317.692,4285.0,4314.487,4346.282,4304.744,4292.692,4348.205,4295.513,4265.897,4346.667,4438.718,4312.564,4331.154,1682527028.4694417
4308.846,4301.282,4281.923,4311.795,4326.154,4303.462,4296.795,4354.103,4305.128,4255.641,4344.872,4433.59,4306.795,4326.026,1682527028.4973934
4306.795,4293.718,4278.974,4304.103,4284.615,4302.949,4296.282,4358.718,4314.615,4270.385,4345.897,4432.436,4301.795,4324.744,1682527028.4973934
4306.923,4296.282,4270.385,4297.949,4294.615,4303.59,4292.179,4352.436,4281.667,4271.923,4338.974,4426.538,4297.564,4316.795,1682527028.4973934
4308.974,4303.59,4281.795,4307.179,4362.564,4303.462,4293.205,4354.872,4279.487,4272.949,4346.795,4432.949,4306.026,4320.385,1682527028.4973934
4307.821,4314.872,4296.795,4318.974,4380.769,4303.59,4296.923,4360.641,4318.205,4295.641,4364.487,4451.41,4316.795,4333.205,1682527028.5273104
4309.615,4309.359,4282.564,4307.821,4328.333,4303.077,4294.231,4356.795,4309.231,4291.154,4355.0,4441.923,4308.718,4327.179,1682527028.5283246
4310.385,4294.359,4273.333,4298.077,4313.077,4303.846,4292.821,4355.128,4289.615,4264.103,4340.385,4424.872,4298.59,4319.615,1682527028.5283246
4306.923,4302.821,4289.103,4314.487,4353.333,4304.744,4295.0,4357.436,4307.179,4278.974,4354.487,4443.205,4308.718,4332.051,1682527028.5283246
4305.128,4325.0,4299.103,4328.974,4383.718,4303.718,4295.641,4357.308,4312.692,4304.487,4368.462,4462.051,4323.205,4343.974,1682527028.5663722
4308.59,4319.615,4293.333,4319.487,4377.564,4302.949,4294.359,4357.051,4303.077,4290.256,4359.103,4451.923,4316.538,4341.538,1682527028.5663722
4308.846,4303.59,4286.795,4306.282,4341.795,4303.59,4294.231,4355.897,4306.154,4275.128,4349.359,4441.154,4305.641,4334.744,1682527028.5663722
4306.154,4311.026,4291.667,4315.0,4331.282,4303.718,4299.359,4357.949,4315.897,4276.41,4360.128,4451.795,4317.564,4340.641,1682527028.5673144
4307.308,4314.231,4295.513,4322.949,4356.154,4302.179,4300.128,4358.077,4309.744,4281.795,4363.718,4452.564,4318.846,4344.615,1682527028.5977952
4308.974,4310.769,4290.641,4317.051,4368.462,4304.231,4294.231,4355.385,4304.615,4303.205,4355.0,4444.487,4305.385,4340.0,1682527028.5987747
4307.436,4324.359,4297.949,4325.385,4370.513,4305.769,4294.615,4359.103,4309.487,4311.795,4361.667,4455.641,4315.385,4347.949,1682527028.5987747
4307.436,4340.641,4316.282,4347.436,4377.436,4305.513,4303.077,4364.872,4311.667,4302.821,4382.436,4476.923,4340.256,4366.795,1682527028.5987747
4310.769,4342.564,4318.462,4345.641,4375.0,4306.667,4304.872,4363.718,4317.051,4304.744,4388.462,4481.282,4344.103,4370.769,1682527028.6264658
4309.615,4333.59,4307.179,4325.385,4364.744,4310.897,4299.744,4358.333,4322.436,4298.718,4375.641,4466.41,4332.179,4357.436,1682527028.6264658
4306.538,4321.923,4306.41,4321.282,4356.026,4310.513,4296.538,4359.744,4326.41,4295.128,4373.974,4463.974,4328.974,4353.462,1682527028.6264658
4308.333,4325.385,4309.103,4328.205,4361.41,4302.564,4293.333,4365.0,4327.821,4310.256,4383.846,4473.59,4334.487,4359.872,1682527028.6264658
4312.308,4344.744,4311.282,4336.923,4390.769,4303.077,4296.667,4366.667,4327.179,4314.359,4389.359,4480.256,4342.692,4364.872,1682527028.655845
4312.692,4350.513,4318.846,4346.282,4397.308,4310.897,4304.615,4365.769,4325.256,4305.256,4389.487,4482.949,4345.897,4368.59,1682527028.655845
4313.333,4338.974,4318.59,4344.487,4362.179,4308.846,4300.641,4367.692,4335.0,4323.718,4389.615,4480.385,4344.744,4367.051,1682527028.655845
4312.564,4338.846,4311.026,4338.718,4352.179,4302.308,4293.718,4367.051,4340.128,4337.949,4386.795,4476.538,4343.333,4362.179,1682527028.6568418
4311.923,4345.0,4310.641,4340.897,4375.897,4306.154,4297.436,4358.077,4312.692,4304.744,4381.154,4472.949,4341.41,4360.513,1682527028.6932979
4310.641,4344.744,4318.205,4345.769,4388.462,4311.026,4303.59,4357.564,4307.308,4297.564,4387.179,4477.308,4348.205,4368.205,1682527028.6932979
4311.154,4357.949,4332.051,4359.487,4396.026,4308.718,4306.795,4369.872,4355.513,4345.641,4411.795,4497.821,4370.0,4387.692,1682527028.6932979
4312.179,4372.692,4340.0,4369.744,4396.026,4310.0,4304.487,4373.077,4373.333,4349.487,4421.026,4513.205,4380.256,4396.795,1682527028.6932979
4311.41,4360.513,4326.026,4354.487,4374.231,4310.385,4295.513,4361.41,4328.333,4308.462,4394.744,4493.718,4360.0,4378.462,1682527028.7190256
4310.385,4356.667,4320.513,4351.538,4376.026,4307.051,4297.692,4357.949,4312.949,4311.538,4389.359,4482.821,4355.385,4370.769,1682527028.7190256
4310.0,4370.385,4332.949,4365.897,4396.538,4307.308,4305.769,4370.385,4345.128,4336.026,4414.231,4500.128,4374.231,4388.974,1682527028.7190256
4312.436,4365.897,4332.179,4362.949,4402.949,4309.615,4301.923,4374.872,4361.795,4350.385,4419.487,4500.385,4377.692,4395.641,1682527028.7190256
4312.821,4361.41,4328.59,4364.744,4410.128,4310.641,4298.205,4367.179,4357.564,4358.59,4413.205,4495.769,4372.692,4390.897,1682527028.7529354
4311.923,4376.795,4337.436,4374.872,4407.692,4310.641,4304.359,4364.487,4345.513,4339.615,4419.359,4508.077,4377.821,4393.462,1682527028.7539876
4310.897,4372.564,4330.256,4359.615,4381.795,4309.487,4305.641,4368.077,4330.769,4322.949,4413.974,4500.128,4371.538,4385.641,1682527028.7539876
4312.051,4350.385,4309.744,4340.128,4357.949,4308.974,4299.359,4365.513,4320.769,4314.487,4390.641,4471.795,4351.026,4366.026,1682527028.7539876
4313.974,4358.974,4316.282,4352.051,4375.385,4308.333,4295.385,4362.308,4322.051,4308.462,4390.897,4479.231,4357.308,4371.667,1682527028.7828135
4314.359,4386.41,4341.667,4371.538,4401.795,4309.359,4301.026,4369.103,4344.359,4346.667,4422.308,4518.974,4391.154,4402.564,1682527028.7837903
4310.513,4384.231,4346.795,4373.462,4405.0,4311.41,4310.256,4375.0,4373.846,4386.923,4438.846,4529.103,4402.692,4409.359,1682527028.7837903
4309.487,4362.949,4330.769,4362.564,4401.795,4311.795,4306.282,4368.846,4356.923,4355.385,4413.077,4501.154,4375.0,4386.282,1682527028.7837903
4313.205,4358.846,4318.077,4350.128,4383.205,4310.256,4292.949,4363.846,4315.128,4308.846,4391.026,4480.0,4354.359,4373.59,1682527028.8134656
4315.0,4370.897,4326.282,4356.41,4370.385,4310.513,4294.615,4368.846,4336.795,4325.0,4410.385,4491.538,4372.436,4385.128,1682527028.814465
4313.333,4367.564,4329.872,4365.0,4393.59,4312.179,4304.359,4368.974,4368.333,4356.026,4419.615,4497.179,4378.59,4386.923,1682527028.814465
4314.487,4363.462,4326.026,4362.692,4416.154,4311.795,4305.128,4363.333,4333.846,4346.667,4406.667,4487.179,4363.59,4380.256,1682527028.814465
4315.256,4382.436,4337.564,4370.385,4399.744,4311.667,4304.359,4369.487,4322.179,4330.641,4422.179,4500.513,4379.487,4395.385,1682527028.8525832
4312.436,4384.359,4343.077,4371.026,4380.641,4312.308,4305.641,4376.667,4365.128,4339.231,4430.128,4512.308,4392.051,4401.154,1682527028.8525832
4311.667,4355.0,4319.359,4348.59,4379.359,4310.641,4298.846,4367.821,4358.333,4338.462,4396.154,4487.436,4361.667,4375.128,1682527028.8525832
4312.949,4345.641,4306.41,4343.846,4372.564,4309.744,4294.872,4361.282,4316.026,4321.41,4384.744,4467.692,4348.718,4366.282,1682527028.8535795
4313.59,4363.205,4320.0,4360.641,4381.538,4311.026,4301.538,4366.923,4319.359,4321.923,4404.744,4479.103,4366.923,4380.256,1682527028.874213
4312.692,4360.385,4315.641,4349.487,4386.667,4312.308,4299.231,4365.128,4323.59,4325.513,4397.436,4479.615,4361.026,4370.128,1682527028.874213
4313.846,4352.436,4306.154,4335.256,4366.795,4309.615,4292.308,4362.179,4320.769,4322.179,4392.821,4472.179,4358.333,4363.205,1682527028.874213
4313.846,4364.872,4320.385,4353.718,4371.154,4307.179,4297.308,4366.923,4343.974,4334.103,4411.41,4482.821,4376.795,4380.385,1682527028.874213
4313.333,4358.974,4318.205,4352.051,4377.949,4309.231,4299.615,4362.949,4340.128,4330.0,4398.077,4476.154,4363.205,4369.615,1682527028.9046445
4313.333,4342.179,4296.154,4327.436,4360.769,4309.872,4293.333,4356.538,4308.59,4308.333,4372.692,4453.205,4341.282,4348.974,1682527028.9046445
4314.487,4334.103,4287.949,4320.0,4349.872,4309.231,4293.462,4355.513,4285.897,4289.872,4366.923,4442.051,4335.0,4348.59,1682527028.9046445
4315.0,4331.923,4295.256,4326.026,4341.154,4312.051,4299.103,4355.128,4281.41,4273.846,4368.59,4448.077,4329.103,4348.077,1682527028.9046445
4315.256,4337.436,4300.128,4330.0,4325.897,4312.436,4295.769,4360.385,4308.205,4292.692,4376.667,4459.744,4335.256,4349.744,1682527028.9338286
4314.359,4332.949,4291.282,4322.436,4325.0,4307.308,4289.872,4361.538,4328.333,4319.359,4372.692,4452.308,4337.949,4349.231,1682527028.9338286
4312.692,4309.359,4274.872,4304.872,4320.385,4306.795,4294.231,4349.744,4296.795,4283.974,4343.462,4424.872,4312.564,4326.538,1682527028.9338286
4311.795,4306.154,4278.205,4309.487,4317.179,4308.718,4297.179,4347.692,4272.051,4254.359,4336.538,4422.436,4303.974,4317.564,1682527028.9338286
4311.667,4334.359,4301.795,4336.667,4348.846,4307.564,4293.59,4360.641,4303.974,4300.256,4373.462,4455.385,4335.128,4347.564,1682527028.971406
4312.051,4335.385,4298.462,4328.462,4342.949,4308.077,4291.41,4361.154,4319.359,4316.538,4376.923,4457.308,4336.154,4351.282,1682527028.971406
4311.282,4302.821,4267.821,4290.769,4282.051,4307.051,4289.231,4349.103,4282.179,4258.974,4329.744,4418.205,4294.744,4313.077,1682527028.971406
4310.128,4293.333,4263.077,4288.718,4281.154,4306.026,4289.231,4348.718,4264.487,4247.692,4317.821,4407.179,4281.795,4304.359,1682527028.9719093
4311.41,4317.308,4290.641,4320.513,4342.436,4312.308,4296.282,4358.718,4300.128,4293.462,4357.564,4438.846,4311.923,4337.051,1682527029.0003927
4313.077,4333.462,4298.462,4329.872,4360.641,4313.59,4297.308,4355.641,4308.462,4293.59,4366.923,4451.795,4326.795,4347.949,1682527029.0003927
4310.0,4325.385,4284.615,4316.282,4331.667,4306.923,4290.385,4349.487,4277.436,4266.667,4344.744,4437.436,4317.564,4333.333,1682527029.0013855
4311.026,4332.179,4297.949,4328.077,4320.0,4308.333,4296.154,4358.077,4295.128,4296.538,4364.487,4448.846,4329.744,4345.897,1682527029.0013855
4314.872,4351.667,4315.641,4347.179,4337.436,4312.949,4303.077,4361.026,4320.897,4327.821,4389.231,4469.359,4346.923,4362.949,1682527029.0314112
4316.026,4350.897,4304.615,4338.205,4355.513,4310.769,4297.179,4358.718,4313.205,4304.103,4377.821,4463.846,4343.718,4355.513,1682527029.0314112
4315.897,4343.333,4296.923,4329.744,4348.846,4307.692,4294.103,4362.436,4319.615,4291.667,4371.667,4455.769,4339.487,4349.872,1682527029.0314112
4315.769,4344.615,4305.385,4343.718,4352.179,4308.718,4296.41,4358.205,4313.333,4307.949,4378.974,4462.179,4345.385,4353.846,1682527029.0314112
4312.436,4354.487,4314.744,4353.718,4379.872,4310.128,4298.333,4357.821,4305.128,4309.615,4386.538,4472.821,4357.949,4360.513,1682527029.0685165
4311.667,4363.846,4322.564,4353.974,4394.744,4310.897,4301.026,4367.821,4333.333,4312.436,4397.051,4482.564,4369.744,4369.744,1682527029.0685165
4315.641,4358.974,4318.718,4351.154,4389.487,4311.923,4298.718,4364.615,4331.923,4316.795,4398.077,4477.692,4365.0,4367.821,1682527029.0685165
4316.538,4348.077,4307.949,4343.846,4389.103,4311.41,4292.308,4356.538,4299.103,4300.513,4390.641,4466.923,4356.795,4359.615,1682527029.0695052
4316.667,4355.256,4318.462,4348.077,4409.487,4312.564,4298.077,4363.718,4321.282,4305.769,4401.41,4478.333,4369.744,4369.359,1682527029.0994852
4317.692,4376.923,4341.795,4371.923,4439.359,4313.077,4305.513,4370.641,4355.513,4333.974,4420.385,4498.846,4386.41,4389.487,1682527029.0994852
4316.923,4379.872,4341.667,4378.846,4442.308,4311.41,4298.333,4365.128,4333.462,4327.821,4420.897,4496.538,4382.051,4393.974,1682527029.0994852
4314.872,4371.282,4328.59,4362.564,4423.974,4310.256,4293.205,4359.103,4316.538,4306.923,4412.821,4485.513,4375.385,4386.667,1682527029.0994852
4315.769,4371.538,4330.256,4365.256,4434.103,4312.179,4300.769,4361.667,4329.103,4305.256,4412.179,4489.359,4379.872,4382.308,1682527029.1208189
4316.41,4376.154,4337.949,4380.128,4432.821,4312.692,4308.846,4366.154,4328.974,4310.385,4416.667,4494.231,4380.769,4385.0,1682527029.1218648
4316.41,4387.051,4342.051,4382.436,4413.718,4311.667,4308.846,4368.718,4330.128,4317.949,4425.385,4500.769,4386.41,4395.128,1682527029.1218648
4315.513,4396.923,4350.897,4388.333,4437.949,4312.564,4305.128,4373.974,4358.462,4324.615,4441.667,4517.051,4400.769,4405.641,1682527029.1218648
4315.513,4382.821,4346.026,4385.897,4441.282,4312.308,4296.154,4371.538,4362.564,4303.077,4434.103,4511.026,4390.641,4397.179,1682527029.158754
4315.897,4355.385,4318.333,4358.462,4393.205,4311.41,4290.256,4358.718,4317.436,4267.436,4397.949,4477.949,4358.333,4372.051,1682527029.158754
4316.538,4353.205,4310.256,4350.513,4404.615,4312.692,4299.103,4357.564,4298.718,4265.128,4387.949,4469.231,4352.821,4365.769,1682527029.158754
4315.128,4354.359,4319.872,4360.641,4444.231,4313.718,4303.205,4362.308,4315.385,4260.641,4397.692,4477.179,4359.231,4370.513,1682527029.158754
4313.718,4339.744,4311.795,4348.59,4419.103,4311.41,4292.051,4357.308,4314.872,4254.231,4392.692,4465.897,4349.103,4359.872,1682527029.1888163
4315.641,4334.615,4303.718,4335.256,4388.462,4311.282,4288.462,4355.513,4299.103,4270.641,4385.256,4455.897,4341.795,4351.795,1682527029.1888163
4317.949,4342.051,4311.026,4342.564,4384.103,4313.846,4295.769,4359.872,4309.359,4274.744,4389.744,4465.897,4347.949,4358.077,1682527029.1888163
4315.769,4345.641,4313.974,4346.667,4389.487,4312.821,4296.667,4359.872,4332.949,4260.641,4390.0,4470.128,4352.051,4360.769,1682527029.1888163
4314.359,4338.205,4306.795,4337.308,4405.897,4311.41,4294.359,4354.231,4308.718,4256.282,4379.103,4458.718,4342.949,4353.462,1682527029.222522
4316.923,4345.513,4314.231,4344.359,4424.744,4312.564,4296.923,4355.769,4278.974,4260.256,4384.872,4465.897,4347.308,4362.308,1682527029.222522
4315.513,4359.872,4321.538,4357.308,4419.487,4312.821,4294.615,4361.41,4290.769,4242.436,4391.026,4478.205,4354.231,4371.154,1682527029.222522
4314.615,4346.41,4310.0,4348.333,4385.0,4312.179,4290.897,4359.487,4301.282,4240.385,4377.692,4466.282,4339.872,4355.513,1682527029.223795
4318.333,4331.667,4305.128,4339.744,4385.128,4312.308,4295.769,4358.333,4301.538,4276.154,4375.513,4458.718,4339.615,4348.718,1682527029.2484303
4319.615,4339.615,4309.872,4344.487,4413.718,4312.051,4298.205,4361.923,4310.769,4277.308,4387.436,4463.846,4350.0,4357.308,1682527029.2484303
4314.615,4335.385,4299.103,4340.769,4391.154,4312.821,4290.128,4359.103,4306.538,4246.667,4377.179,4454.359,4336.282,4349.615,1682527029.2484303
4314.615,4323.205,4292.564,4330.641,4331.667,4313.846,4287.051,4354.872,4302.692,4256.41,4367.436,4447.949,4330.641,4340.385,1682527029.2484303
4317.051,4337.179,4305.513,4333.205,4327.692,4312.308,4292.051,4360.513,4317.308,4277.692,4383.205,4462.308,4353.718,4352.308,1682527029.2869213
4317.308,4339.872,4305.128,4335.769,4371.154,4311.282,4291.667,4361.41,4300.897,4255.0,4381.538,4458.718,4350.769,4358.077,1682527029.287872
4316.923,4325.897,4293.718,4330.897,4378.077,4313.205,4289.615,4353.205,4276.026,4242.564,4367.179,4445.513,4329.744,4347.949,1682527029.287872
4317.436,4328.462,4290.256,4324.487,4347.564,4313.974,4289.359,4350.513,4278.718,4260.897,4361.667,4441.795,4329.359,4338.59,1682527029.287872
4316.795,4319.103,4279.487,4307.308,4315.513,4309.744,4282.179,4350.128,4271.538,4252.179,4346.538,4427.308,4323.333,4323.974,1682527029.3159099
4316.538,4307.821,4278.077,4303.59,4314.872,4308.718,4278.846,4349.487,4272.949,4231.026,4344.487,4426.026,4314.872,4322.821,1682527029.3159099
4316.154,4323.462,4296.154,4329.615,4329.103,4312.308,4285.769,4352.821,4292.821,4240.128,4367.051,4448.718,4325.641,4344.103,1682527029.316847
4317.179,4322.821,4292.692,4335.513,4319.615,4310.385,4285.769,4353.59,4291.41,4271.154,4367.051,4446.923,4331.795,4345.641,1682527029.316847
4318.462,4296.026,4264.872,4300.0,4307.179,4303.077,4280.128,4345.513,4275.385,4268.077,4335.256,4412.949,4310.513,4316.026,1682527029.3477237
4314.487,4290.256,4252.949,4284.872,4289.359,4304.487,4279.615,4340.769,4265.128,4228.462,4319.359,4397.051,4284.359,4300.0,1682527029.348188
4309.744,4290.385,4251.923,4294.231,4257.051,4308.718,4278.718,4343.077,4247.692,4216.923,4317.692,4393.974,4275.897,4303.59,1682527029.348188
4312.308,4280.385,4247.436,4285.897,4247.692,4306.41,4277.692,4341.795,4240.897,4235.897,4312.051,4387.821,4280.128,4299.231,1682527029.3487058
4315.769,4280.385,4247.564,4275.513,4266.026,4304.615,4279.615,4337.949,4252.179,4238.077,4310.128,4390.641,4282.308,4294.615,1682527029.3757212
4313.718,4278.846,4245.385,4276.154,4272.821,4306.154,4277.949,4337.692,4244.615,4213.59,4306.667,4388.59,4272.179,4296.282,1682527029.3757212
4313.846,4268.718,4241.923,4275.641,4261.41,4307.692,4275.513,4337.692,4228.205,4198.077,4299.744,4379.872,4265.0,4294.231,1682527029.3757212
4316.026,4269.615,4246.282,4278.205,4255.769,4307.436,4276.795,4337.564,4234.872,4220.256,4302.949,4384.615,4273.59,4293.333,1682527029.3762195
4314.487,4265.769,4240.769,4273.077,4249.872,4306.923,4277.692,4337.308,4235.641,4232.179,4301.026,4384.231,4267.308,4287.051,1682527029.40555
4309.103,4247.308,4226.538,4258.077,4247.821,4309.487,4277.692,4335.769,4227.179,4215.513,4286.026,4366.538,4245.256,4272.692,1682527029.40555
4310.897,4250.769,4235.0,4260.0,4240.128,4311.667,4277.692,4338.59,4241.154,4219.872,4293.974,4370.385,4252.179,4276.154,1682527029.40555
4317.821,4264.615,4247.692,4266.667,4211.41,4307.949,4277.179,4342.051,4252.436,4233.462,4305.256,4385.256,4268.077,4286.923,1682527029.406485
3.0,7.0,3.0,5.0,7.0,7.0,1.0,2.0,8.0,8.0,6.0,4.0,8.0,4.0,1682527029.4125543
4316.41,4256.154,4238.846,4262.051,4212.179,4304.359,4278.205,4336.667,4232.692,4217.821,4286.667,4377.692,4254.872,4281.923,1682527029.4362314
4309.744,4242.692,4230.769,4260.385,4249.359,4306.026,4278.077,4332.179,4219.744,4207.051,4273.333,4370.769,4241.923,4273.974,1682527029.4362314
4310.128,4247.179,4239.359,4263.846,4265.128,4307.308,4276.41,4339.744,4239.615,4222.308,4293.974,4386.282,4252.949,4281.538,1682527029.4362314
4313.333,4258.077,4249.231,4270.256,4244.615,4306.282,4277.821,4344.231,4257.821,4233.333,4310.769,4400.769,4267.179,4292.051,1682527029.4371748
4312.949,4261.154,4249.872,4276.154,4228.462,4302.949,4279.744,4339.487,4252.821,4234.872,4298.846,4394.487,4267.308,4288.718,1682527029.4738672
4312.179,4262.692,4247.051,4277.949,4242.949,4301.795,4275.256,4338.846,4241.795,4233.846,4293.718,4388.333,4260.128,4284.231,1682527029.4738672
4312.821,4253.718,4238.974,4267.179,4250.513,4304.103,4273.077,4336.667,4237.308,4222.949,4293.333,4382.564,4252.692,4281.026,1682527029.4738672
4310.769,4247.564,4231.795,4254.231,4243.846,4305.128,4278.718,4331.538,4230.641,4204.231,4282.436,4373.333,4246.667,4273.333,1682527029.4738672
4307.564,4248.462,4230.128,4248.718,4226.923,4302.949,4278.462,4332.564,4217.692,4197.821,4270.897,4364.872,4235.897,4263.462,1682527029.503788
4308.718,4241.026,4225.897,4245.897,4208.462,4301.923,4271.282,4334.103,4218.077,4211.795,4267.051,4358.846,4229.231,4259.231,1682527029.503788
4310.256,4245.513,4227.179,4254.872,4226.026,4305.769,4272.564,4331.538,4234.103,4220.256,4274.744,4366.538,4241.154,4269.615,1682527029.503788
4312.692,4260.513,4240.513,4267.436,4238.974,4309.487,4280.0,4336.795,4249.231,4221.154,4287.564,4383.846,4253.846,4282.051,1682527029.503788
4314.231,4253.974,4248.846,4264.744,4213.333,4302.692,4279.872,4342.436,4252.308,4231.282,4294.231,4389.615,4251.795,4282.564,1682527029.5252564
4312.692,4246.026,4247.692,4262.179,4220.385,4297.821,4277.564,4337.949,4243.974,4238.077,4298.205,4387.436,4250.513,4281.795,1682527029.5252564
4307.308,4246.795,4242.692,4264.359,4243.333,4302.821,4277.564,4333.333,4232.692,4222.051,4294.231,4385.897,4250.128,4281.154,1682527029.5252564
4309.359,4235.128,4237.051,4256.667,4211.667,4301.154,4275.641,4332.692,4230.897,4202.436,4278.974,4377.179,4243.718,4274.872,1682527029.5252564
4312.949,4248.077,4246.154,4265.385,4216.41,4297.564,4278.846,4337.308,4246.795,4217.179,4292.179,4388.974,4252.692,4286.154,1682527029.563495
4310.769,4267.308,4252.308,4276.026,4264.231,4303.974,4281.923,4341.026,4251.41,4240.385,4308.462,4401.923,4253.846,4291.538,1682527029.564492
4309.487,4244.487,4235.513,4254.744,4243.205,4303.205,4277.308,4338.462,4242.821,4235.128,4281.026,4375.513,4232.564,4267.436,1682527029.564492
4310.897,4232.051,4228.974,4246.41,4207.692,4296.154,4275.513,4334.359,4241.667,4228.59,4265.897,4362.949,4233.59,4263.077,1682527029.564492
4310.769,4244.487,4238.205,4255.897,4212.692,4299.103,4279.872,4334.487,4237.692,4220.897,4280.897,4378.333,4244.487,4274.359,1682527029.5943887
4307.949,4237.051,4233.974,4250.256,4221.538,4300.769,4280.897,4338.974,4236.667,4209.744,4280.641,4376.026,4235.513,4265.641,1682527029.5953681
4307.564,4236.41,4233.59,4252.692,4237.692,4296.667,4279.231,4341.667,4250.385,4239.103,4281.667,4377.692,4237.308,4266.538,1682527029.5953681
4307.179,4254.872,4246.538,4268.462,4249.615,4297.308,4278.077,4341.795,4254.359,4258.974,4298.205,4395.0,4251.923,4283.462,1682527029.5958629
4309.231,4255.641,4249.359,4268.333,4222.692,4299.615,4277.821,4338.333,4248.077,4224.103,4301.667,4395.769,4252.436,4286.282,1682527029.622645
4310.641,4244.615,4237.436,4254.872,4192.308,4298.333,4280.128,4336.154,4248.333,4204.487,4291.026,4385.0,4243.974,4276.282,1682527029.6236427
4308.333,4232.821,4225.256,4244.103,4210.897,4297.436,4280.128,4336.923,4239.231,4215.128,4275.641,4373.077,4227.821,4261.538,1682527029.6236427
4306.795,4232.179,4228.333,4249.872,4244.744,4297.692,4276.795,4338.718,4234.487,4220.641,4273.974,4373.59,4221.795,4260.513,1682527029.6236427
4309.615,4243.462,4236.923,4260.256,4228.462,4297.308,4278.333,4339.744,4250.0,4227.051,4288.59,4389.872,4240.256,4275.897,1682527029.6524634
4309.359,4235.641,4232.308,4252.179,4200.385,4297.564,4280.897,4334.744,4242.692,4237.564,4290.128,4386.923,4242.051,4276.026,1682527029.6524634
4305.385,4230.641,4233.974,4252.179,4221.026,4297.436,4279.872,4335.128,4237.051,4238.462,4292.949,4383.59,4237.564,4276.154,1682527029.6534598
4305.641,4249.231,4248.333,4269.872,4243.846,4297.436,4280.385,4342.564,4260.641,4234.487,4305.128,4402.821,4253.462,4294.103,1682527029.6534598
4306.41,4255.128,4250.128,4267.821,4231.538,4297.436,4282.179,4344.359,4258.462,4234.487,4303.59,4405.897,4259.103,4298.205,1682527029.6904168
4305.641,4241.538,4247.436,4258.462,4224.744,4297.308,4282.436,4340.0,4235.0,4240.256,4303.718,4399.103,4252.308,4292.051,1682527029.6904168
4309.103,4246.538,4260.641,4270.0,4238.846,4297.949,4280.0,4341.667,4251.923,4251.154,4321.41,4417.179,4262.692,4305.128,1682527029.6904168
4312.564,4263.205,4274.615,4283.333,4255.513,4297.051,4278.59,4349.744,4289.744,4267.821,4337.436,4438.718,4281.667,4322.308,1682527029.6904168
4309.872,4258.077,4271.667,4277.436,4242.564,4296.923,4280.385,4348.462,4286.026,4268.846,4331.923,4432.051,4275.385,4315.641,1682527029.7225142
4307.564,4246.538,4259.872,4262.949,4215.256,4300.0,4281.282,4339.744,4263.333,4246.795,4309.872,4412.051,4252.051,4297.949,1682527029.7225142
4305.256,4253.462,4251.923,4261.667,4220.128,4300.128,4279.615,4336.026,4255.385,4248.205,4300.0,4403.077,4245.513,4291.795,1682527029.7225142
4303.846,4264.231,4249.744,4271.538,4226.154,4297.436,4280.769,4339.872,4250.385,4264.231,4308.077,4403.718,4256.154,4294.359,1682527029.7225142
4305.128,4264.487,4249.615,4276.667,4235.128,4298.077,4285.0,4344.615,4252.436,4247.564,4311.282,4400.641,4258.846,4291.41,1682527029.751568
4307.821,4260.256,4246.282,4271.795,4262.308,4299.359,4283.205,4342.436,4262.051,4230.128,4301.41,4393.333,4252.692,4287.436,1682527029.751568
4305.769,4248.718,4235.897,4256.154,4240.641,4298.205,4277.692,4336.154,4255.385,4233.718,4286.154,4380.128,4246.538,4280.128,1682527029.751568
4303.974,4239.359,4228.333,4244.487,4195.641,4297.821,4276.282,4331.282,4232.692,4222.179,4273.974,4366.154,4235.769,4268.59,1682527029.7525055
4305.769,4256.667,4247.821,4264.872,4240.128,4298.974,4279.359,4335.641,4243.59,4236.154,4295.0,4390.641,4248.205,4285.513,1682527029.7814765
4308.59,4268.974,4266.282,4285.769,4290.641,4298.974,4281.667,4343.718,4270.641,4278.846,4320.0,4421.026,4268.59,4307.179,1682527029.7814765
4306.795,4252.821,4251.026,4265.128,4235.256,4297.821,4280.0,4344.103,4265.897,4257.179,4302.821,4402.308,4254.487,4289.359,1682527029.7824981
4303.205,4242.821,4236.923,4245.513,4191.026,4296.282,4278.974,4340.513,4255.513,4211.026,4284.615,4383.718,4235.0,4271.41,1682527029.7824981
4303.974,4250.128,4248.462,4260.256,4226.41,4296.41,4281.026,4343.846,4260.128,4232.436,4294.744,4400.769,4243.462,4282.821,1682527029.8181162
4306.795,4249.231,4253.462,4269.872,4248.462,4297.179,4282.564,4344.103,4258.846,4254.231,4294.231,4405.897,4247.436,4286.154,1682527029.8181162
4307.436,4242.051,4241.41,4257.051,4227.051,4295.385,4278.846,4333.077,4238.333,4215.256,4272.692,4382.308,4227.308,4272.821,1682527029.8181162
4305.897,4248.205,4242.949,4258.846,4240.385,4295.0,4277.821,4333.59,4241.154,4207.821,4275.769,4382.436,4227.308,4275.769,1682527029.8191125
4304.872,4254.615,4252.308,4270.641,4283.59,4297.308,4281.154,4343.718,4260.641,4251.41,4295.641,4400.0,4242.436,4282.692,1682527029.8412135
4305.0,4245.385,4244.231,4260.769,4270.385,4297.949,4278.59,4337.436,4249.487,4249.231,4289.359,4391.282,4233.974,4274.359,1682527029.8422115
4306.667,4246.538,4244.872,4260.128,4245.513,4295.128,4277.436,4333.974,4251.923,4231.923,4291.154,4389.615,4236.026,4281.154,1682527029.8422115
4306.795,4268.077,4266.154,4285.513,4259.103,4296.282,4283.974,4348.846,4287.564,4250.0,4322.308,4420.769,4266.923,4309.231,1682527029.8429024
4304.744,4283.462,4281.41,4294.103,4280.0,4301.026,4289.103,4350.897,4291.538,4269.744,4335.641,4441.795,4282.949,4321.923,1682527029.870536
4305.0,4278.462,4276.667,4280.256,4296.795,4300.897,4287.949,4340.641,4270.641,4274.359,4324.103,4431.667,4272.692,4311.538,1682527029.8715339
4310.385,4276.795,4273.846,4284.487,4310.641,4295.641,4287.949,4344.744,4284.103,4272.436,4326.538,4429.872,4271.667,4309.103,1682527029.8715339
4310.897,4291.154,4288.333,4307.436,4309.231,4292.949,4295.128,4354.103,4312.308,4283.974,4346.154,4450.513,4288.462,4324.744,1682527029.8715339
4308.974,4300.897,4297.436,4313.077,4311.667,4298.59,4300.0,4354.615,4317.308,4305.256,4357.436,4460.513,4297.436,4334.231,1682527029.9085245
4308.974,4304.872,4292.051,4308.846,4337.179,4304.103,4295.128,4352.051,4307.051,4305.897,4358.077,4454.615,4296.026,4333.205,1682527029.9096308
4308.077,4312.308,4293.974,4318.205,4340.641,4300.513,4290.256,4352.949,4300.769,4291.41,4362.308,4458.333,4304.231,4339.615,1682527029.9096308
4304.359,4320.256,4305.769,4330.0,4320.513,4296.282,4292.308,4355.769,4313.333,4296.282,4372.821,4473.077,4324.231,4352.564,1682527029.9101245
4307.821,4333.077,4316.538,4339.231,4328.077,4299.615,4297.051,4359.359,4328.974,4329.103,4389.744,4485.897,4340.769,4364.615,1682527029.9392822
4311.923,4343.333,4323.077,4343.333,4352.564,4302.821,4300.128,4364.231,4348.077,4356.41,4406.026,4497.564,4353.59,4372.949,1682527029.9392822
4307.436,4330.897,4321.154,4334.615,4363.077,4301.795,4299.359,4368.718,4365.128,4352.308,4404.872,4500.641,4356.538,4371.923,1682527029.9402328
4306.282,4317.692,4315.641,4328.718,4370.256,4303.205,4296.41,4368.077,4348.333,4333.077,4394.103,4494.103,4346.667,4363.59,1682527029.940302
4307.821,4334.231,4317.949,4339.872,4377.821,4305.128,4297.436,4365.0,4318.333,4343.59,4392.308,4489.615,4339.103,4361.41,1682527029.968255
4305.769,4347.051,4323.462,4343.718,4355.513,4301.795,4300.256,4365.641,4330.385,4358.718,4402.051,4492.179,4345.128,4371.026,1682527029.968255
4304.359,4342.051,4326.667,4340.0,4345.128,4303.718,4304.359,4367.692,4356.795,4339.615,4411.026,4501.667,4358.462,4378.077,1682527029.968255
4308.59,4341.282,4327.564,4347.179,4403.462,4310.256,4307.436,4366.538,4353.333,4331.154,4409.615,4504.231,4358.974,4373.846,1682527029.9692516
4311.282,4349.872,4325.128,4351.154,4427.949,4306.154,4302.949,4363.333,4343.846,4351.923,4408.462,4498.077,4359.231,4374.359,1682527029.9981427
4311.154,4345.641,4316.795,4337.949,4347.179,4297.692,4293.59,4362.821,4340.256,4343.846,4403.462,4487.821,4356.154,4374.872,1682527029.998826
4308.59,4328.462,4307.949,4326.538,4304.744,4302.308,4286.923,4362.564,4329.359,4307.821,4390.769,4478.333,4339.872,4363.846,1682527029.998826
4307.564,4331.41,4307.564,4332.692,4355.0,4307.692,4292.821,4360.128,4319.872,4309.744,4388.974,4481.538,4339.872,4360.769,1682527029.998826
4309.744,4334.103,4302.051,4329.231,4347.821,4301.154,4298.974,4355.513,4326.795,4337.949,4386.795,4479.615,4345.0,4357.821,1682527030.0279589
4311.41,4307.179,4283.077,4305.0,4288.59,4299.231,4289.359,4351.026,4324.744,4327.179,4360.513,4453.462,4318.846,4331.795,1682527030.0279589
4308.59,4286.923,4280.0,4296.923,4297.051,4302.949,4283.59,4352.179,4311.154,4292.436,4345.641,4443.846,4296.282,4319.615,1682527030.0290697
4306.41,4291.923,4287.308,4302.821,4321.41,4299.359,4290.641,4353.974,4293.718,4275.385,4345.769,4450.385,4298.462,4328.077,1682527030.029479
4306.923,4294.487,4276.667,4296.154,4305.385,4295.256,4287.949,4349.359,4271.538,4274.615,4329.231,4434.103,4291.667,4317.821,1682527030.0579197
4307.179,4289.359,4269.615,4290.513,4303.974,4299.103,4278.462,4349.615,4290.513,4280.641,4326.795,4427.179,4288.077,4308.718,1682527030.058369
4306.923,4281.923,4269.615,4285.128,4300.385,4304.359,4280.769,4350.513,4307.308,4273.846,4325.897,4427.564,4282.692,4306.667,1682527030.058369
4306.667,4280.256,4261.795,4279.103,4279.359,4300.385,4281.41,4341.667,4267.821,4250.897,4308.077,4414.744,4274.231,4301.538,1682527030.058369
4306.923,4287.179,4262.308,4284.359,4287.564,4296.41,4280.513,4341.795,4260.0,4265.0,4312.179,4418.333,4285.769,4304.359,1682527030.0962124
4305.513,4287.051,4262.436,4282.436,4295.897,4299.231,4282.949,4347.051,4285.128,4291.41,4319.103,4420.128,4287.051,4304.231,1682527030.0962124
4305.256,4283.59,4263.59,4282.692,4277.564,4301.026,4280.385,4342.051,4269.487,4290.128,4321.795,4416.154,4288.205,4307.821,1682527030.09721
4305.385,4288.205,4273.974,4297.821,4273.846,4300.256,4280.513,4338.462,4246.41,4270.769,4334.359,4429.231,4298.718,4317.308,1682527030.09721
4306.538,4291.795,4268.846,4295.897,4288.462,4302.436,4282.179,4340.641,4254.872,4250.641,4323.462,4426.795,4284.103,4306.795,1682527030.1251214
4307.179,4293.846,4257.949,4285.256,4297.692,4302.564,4280.128,4344.359,4274.487,4256.923,4307.949,4412.308,4280.513,4300.897,1682527030.1251214
4307.692,4299.872,4271.154,4296.667,4288.718,4295.897,4280.385,4350.385,4298.333,4278.718,4332.821,4430.0,4313.718,4323.59,1682527030.1251214
4308.59,4294.872,4275.385,4297.308,4253.333,4295.385,4282.308,4348.077,4287.692,4276.923,4337.692,4435.769,4315.256,4323.462,1682527030.1251214
4309.744,4282.949,4259.359,4279.487,4238.462,4301.667,4280.0,4339.103,4255.769,4254.872,4308.59,4412.051,4288.718,4301.41,1682527030.1550736
4308.718,4279.615,4257.949,4278.974,4271.282,4300.256,4277.436,4340.256,4267.949,4253.718,4310.513,4411.923,4290.897,4307.179,1682527030.1550736
4310.385,4283.718,4266.795,4289.103,4278.718,4297.051,4279.872,4344.103,4284.359,4287.564,4329.231,4427.949,4299.872,4319.231,1682527030.1550736
4310.513,4292.436,4272.692,4294.615,4258.59,4299.359,4282.308,4342.436,4275.769,4302.821,4332.564,4433.462,4298.718,4315.897,1682527030.1550736
4305.641,4290.385,4270.641,4292.436,4274.744,4299.231,4281.667,4341.282,4273.974,4261.795,4321.282,4425.0,4291.923,4308.974,1682527030.1853056
4305.128,4283.718,4268.205,4290.0,4301.154,4296.41,4280.897,4346.41,4285.641,4235.256,4316.282,4422.051,4288.205,4308.59,1682527030.1862988
4307.436,4279.615,4275.128,4295.0,4274.615,4297.564,4283.718,4352.308,4297.308,4264.872,4329.103,4436.154,4296.667,4314.231,1682527030.1862988
4304.231,4280.897,4276.41,4298.462,4247.436,4298.718,4282.692,4351.667,4301.282,4276.41,4333.974,4438.462,4298.718,4312.436,1682527030.1862988
4303.205,4279.231,4260.641,4283.974,4253.59,4297.436,4280.641,4347.051,4292.949,4271.795,4316.667,4419.487,4281.41,4297.692,1682527030.227195
4309.359,4272.821,4260.641,4275.513,4256.667,4298.077,4288.077,4348.846,4275.769,4278.974,4316.667,4421.41,4277.821,4301.282,1682527030.2281926
4309.103,4280.513,4282.821,4295.128,4283.077,4297.692,4291.154,4357.436,4287.436,4280.128,4341.923,4447.308,4299.103,4326.41,1682527030.2281926
4306.154,4284.487,4281.923,4301.154,4308.846,4297.949,4282.692,4353.333,4316.923,4285.385,4342.949,4443.462,4300.385,4323.974,1682527030.2281926
4307.179,4268.718,4262.821,4281.282,4270.897,4298.333,4278.59,4341.026,4299.744,4268.59,4320.128,4419.231,4276.667,4299.231,1682527030.245889
4307.564,4264.231,4262.308,4276.026,4234.615,4296.026,4281.795,4344.615,4270.128,4244.872,4319.231,4423.462,4274.615,4303.205,1682527030.245889
4305.0,4277.051,4272.436,4286.538,4265.769,4295.256,4282.949,4352.179,4286.282,4262.821,4333.462,4436.795,4289.615,4317.308,1682527030.2463903
4305.385,4268.59,4260.641,4276.795,4277.949,4297.051,4281.026,4344.359,4279.615,4253.205,4312.308,4411.795,4270.897,4297.949,1682527030.2463903
4306.282,4243.718,4242.564,4255.128,4236.026,4297.436,4279.744,4338.077,4235.256,4206.667,4276.538,4380.897,4236.538,4273.59,1682527030.2832205
4303.333,4235.641,4244.231,4248.333,4230.513,4295.513,4282.436,4344.744,4255.769,4214.615,4272.564,4387.564,4227.821,4268.974,1682527030.2832205
4300.385,4231.795,4248.333,4248.974,4247.436,4296.795,4282.949,4344.744,4296.282,4233.846,4280.897,4397.179,4232.949,4267.051,1682527030.2832205
4304.615,4232.179,4247.051,4248.974,4237.949,4299.231,4280.641,4340.513,4266.667,4226.282,4289.615,4392.436,4246.667,4269.872,1682527030.2842338
4309.744,4245.769,4247.051,4253.974,4226.154,4296.923,4282.179,4345.385,4247.436,4245.641,4302.564,4394.615,4261.795,4280.385,1682527030.3130338
4306.923,4238.718,4238.974,4247.692,4212.308,4294.872,4276.41,4341.41,4270.0,4239.103,4287.436,4384.744,4247.436,4269.487,1682527030.3135273
4304.231,4219.744,4225.385,4234.744,4207.051,4296.667,4266.795,4329.615,4258.462,4202.692,4261.282,4364.872,4226.795,4248.462,1682527030.3135273
4305.0,4223.077,4222.821,4236.795,4231.282,4296.795,4266.41,4330.897,4242.179,4217.436,4269.744,4367.436,4231.795,4251.154,1682527030.3135273
4305.128,4219.359,4217.949,4230.385,4225.641,4295.128,4267.308,4334.231,4239.744,4219.872,4267.692,4360.128,4226.41,4250.385,1682527030.3439622
4303.718,4195.513,4204.231,4208.59,4159.744,4295.641,4266.538,4330.128,4230.256,4178.462,4239.359,4336.795,4209.744,4231.41,1682527030.3449583
4303.974,4182.179,4187.821,4195.897,4140.513,4296.026,4265.769,4322.692,4219.872,4159.103,4215.256,4319.872,4197.308,4210.385,1682527030.3449583
4302.179,4180.769,4171.923,4190.641,4184.359,4294.359,4258.718,4309.872,4165.128,4142.308,4195.513,4300.256,4178.205,4195.641,1682527030.3449583
4302.051,4151.41,4145.385,4155.128,4121.923,4289.103,4246.026,4296.154,4099.487,4105.256,4166.282,4267.051,4150.0,4170.0,1682527030.3730402
4301.026,4095.256,4099.359,4098.974,4002.308,4282.821,4233.333,4290.897,4155.128,4114.872,4131.538,4222.436,4114.615,4124.487,1682527030.3730402
4298.462,4057.179,4063.205,4069.744,3994.231,4283.077,4222.949,4282.692,4171.154,4091.026,4095.128,4179.872,4082.564,4090.641,1682527030.3730402
4297.949,4030.897,4042.308,4051.282,4004.103,4282.308,4216.667,4274.231,4105.0,4012.051,4058.59,4147.051,4056.026,4065.769,1682527030.3730402
4297.179,3977.179,3997.308,3998.205,3925.0,4280.256,4207.179,4262.436,4125.513,4004.231,4007.179,4093.59,4001.282,4008.974,1682527030.4118629
4292.821,3929.744,3943.974,3941.923,3867.179,4278.974,4189.744,4232.308,4067.179,3988.59,3943.205,4019.872,3942.821,3947.308,1682527030.4118629
